time,ax,ay,az,atotal
0.012324094772338867,-0.39,-0.48,0.26,0.67
0.01304316520690918,-0.37,-0.49,0.18,0.63
0.013836145401000977,-0.41,-0.52,0.23,0.7
0.04068803787231445,-0.44,-0.48,0.22,0.68
0.041532039642333984,-0.39,-0.46,0.08,0.6
0.04821419715881348,-0.33,-0.47,0.01,0.57
0.04894208908081055,-0.29,-0.5,-0.13,0.59
0.06482696533203125,-0.29,-0.5,-0.21,0.61
0.06546616554260254,-0.31,-0.46,-0.3,0.63
0.08269405364990234,-0.29,-0.37,-0.32,0.56
0.13553524017333984,-0.3,-0.37,-0.11,0.48
0.13623619079589844,-0.2,-0.44,0.4,0.62
0.15102815628051758,-0.04,-0.57,0.38,0.68
0.15165996551513672,0.1,-0.6,0.32,0.68
0.16686201095581055,0.02,-0.45,0.56,0.71
0.16756629943847656,-0.1,-0.41,0.39,0.57
0.18256807327270508,-0.23,-0.43,0.14,0.5
0.18331098556518555,-0.36,-0.38,0.04,0.52
0.19922924041748047,-0.43,-0.27,-0.04,0.5
0.20012426376342773,-0.3,-0.16,0.14,0.36
0.2527279853820801,-0.15,-0.25,0.15,0.32
0.2535400390625,-0.08,-0.4,0.3,0.5
0.2694671154022217,-0.02,-0.4,0.26,0.47
0.27007007598876953,-0.01,-0.37,0.08,0.37
0.28371214866638184,-0.09,-0.37,-0.11,0.39
0.2843661308288574,-0.12,-0.39,-0.35,0.53
0.2995262145996094,-0.12,-0.43,-0.64,0.78
0.3002290725708008,-0.17,-0.38,-0.99,1.07
0.3157062530517578,-0.23,-0.26,-1.16,1.21
0.31665706634521484,-0.31,-0.2,-1.11,1.16
0.3325042724609375,-0.19,-0.16,-1.01,1.04
0.38462018966674805,0.19,-0.2,-0.99,1.02
0.3855001926422119,0.44,-0.31,-1.13,1.25
0.402921199798584,0.45,-0.33,-1.27,1.38
0.40372228622436523,0.26,-0.15,-1.36,1.39
0.4176340103149414,-0.14,0.2,-1.46,1.48
0.418485164642334,-0.64,0.53,-1.44,1.66
0.43207597732543945,-0.96,0.83,-1.17,1.72
0.4328579902648926,-1.34,0.82,-0.87,1.79
0.4488251209259033,-2.09,0.65,-0.41,2.22
0.4497871398925781,-2.63,0.11,0.2,2.63
0.5002081394195557,-2.55,-0.29,1.73,3.09
0.5009860992431641,-2.28,-0.23,2.61,3.47
0.5195960998535156,-2.43,0.05,2.05,3.17
0.5204010009765625,-1.65,0.16,2.41,2.92
0.5339031219482422,-1.28,1.3,4.16,4.54
0.5347611904144287,-1.35,2.55,4.58,5.41
0.5486640930175781,-0.94,3.0,4.51,5.49
0.5494542121887207,-0.5,2.69,4.04,4.87
0.5645761489868164,-0.52,2.5,2.67,3.69
0.5655391216278076,-0.54,2.0,0.47,2.12
0.6155490875244141,-0.56,0.09,-1.8,1.88
0.6163341999053955,-0.34,-1.52,-1.52,2.17
0.63608717918396,-0.22,-3.23,2.01,3.81
0.6368989944458008,-0.53,-4.81,3.61,6.03
0.6510872840881348,-0.9,-5.18,0.79,5.31
0.6519381999969482,-0.51,-5.33,-0.56,5.38
0.6651802062988281,0.43,-5.16,-0.3,5.18
0.6659822463989258,1.73,-4.9,0.74,5.24
0.6828610897064209,2.05,-4.15,0.45,4.65
0.683845043182373,1.18,-1.43,-1.06,2.13
0.7342991828918457,0.8,0.03,-1.41,1.62
0.7350993156433105,0.44,-0.01,-0.57,0.72
0.7528553009033203,-0.33,-0.19,0.68,0.77
0.7535862922668457,-0.23,-0.36,0.83,0.93
0.7653002738952637,-0.03,1.25,0.01,1.25
0.7660810947418213,0.06,1.52,-0.75,1.69
0.7818632125854492,-0.01,0.76,-1.34,1.54
0.7826931476593018,-0.25,-0.52,-1.95,2.03
0.7989461421966553,-0.16,-1.38,-2.47,2.83
0.7998921871185303,-0.02,-1.86,-2.84,3.39
0.8505749702453613,-0.05,-2.18,-2.84,3.58
0.8513290882110596,0.19,-2.28,-2.22,3.18
0.8697052001953125,0.54,-1.8,-1.37,2.32
0.8704771995544434,0.09,-0.19,-1.21,1.22
0.8849921226501465,-0.18,0.76,-0.99,1.26
0.8858151435852051,-0.1,0.46,-0.42,0.63
0.8985261917114258,0.0,-0.28,-0.04,0.28
0.8993141651153564,0.01,-0.65,-0.22,0.68
0.9158740043640137,-0.08,-0.63,-0.39,0.74
0.916862964630127,-0.14,-0.57,-0.3,0.65
0.9680919647216797,-0.18,-0.59,-0.13,0.63
0.9688751697540283,-0.21,-0.65,0.11,0.69
0.9863710403442383,-0.28,-0.54,0.17,0.63
0.9871401786804199,-0.46,-0.25,0.03,0.52
1.0011041164398193,-0.48,-0.04,0.04,0.48
1.0019371509552002,-0.49,0.03,0.16,0.51
1.016402244567871,-0.46,-0.03,-0.08,0.46
1.0171890258789062,-0.38,-0.2,-0.21,0.47
1.0323700904846191,-0.25,-0.29,0.03,0.38
1.0333480834960938,-0.05,-0.26,0.02,0.26
1.0828380584716797,0.1,-0.26,-0.03,0.28
1.083592176437378,0.22,-0.33,0.14,0.42
1.104722023010254,0.18,-0.36,0.28,0.49
1.1080422401428223,0.0,-0.3,0.26,0.39
1.1175711154937744,-0.13,-0.26,0.31,0.42
1.1182901859283447,-0.21,-0.28,0.31,0.46
1.1329801082611084,-0.16,-0.28,0.2,0.37
1.1336932182312012,-0.03,-0.32,-0.11,0.33
1.1488761901855469,0.04,-0.37,-0.21,0.42
1.1498360633850098,0.1,-0.35,-0.25,0.44
1.1984221935272217,0.02,-0.34,-0.24,0.41
1.1992161273956299,-0.1,-0.35,-0.18,0.4
1.2195172309875488,-0.12,-0.37,-0.09,0.39
1.2204170227050781,-0.1,-0.33,0.06,0.35
1.232647180557251,-0.06,-0.3,0.13,0.33
1.233368158340454,-0.1,-0.39,0.0,0.4
1.2494502067565918,-0.24,-0.73,-1.28,1.49
1.2502810955047607,-0.39,-1.01,-0.55,1.21
1.2657890319824219,-0.55,-0.59,0.87,1.18
1.2667441368103027,-0.26,0.13,0.72,0.77
1.282608985900879,-0.01,0.23,0.34,0.41
1.3358681201934814,0.11,-0.21,0.0,0.23
1.3367631435394287,0.15,-0.34,0.18,0.41
1.3528921604156494,0.0,-0.13,0.2,0.23
1.35353422164917,-0.13,0.03,0.52,0.53
1.3674941062927246,-0.16,0.03,0.32,0.35
1.368175983428955,-0.15,0.01,-0.59,0.6
1.3830301761627197,-0.36,-0.16,-0.19,0.43
1.3837471008300781,-0.5,-0.2,0.59,0.79
1.3991222381591797,-0.35,-0.05,0.34,0.49
1.400010108947754,-0.14,-0.04,-0.06,0.15
1.4503071308135986,0.1,-0.1,-0.02,0.14
1.4510860443115234,0.29,-0.05,0.05,0.29
1.4695930480957031,0.34,0.13,-0.02,0.36
1.4702410697937012,0.33,0.31,0.08,0.45
1.4841270446777344,0.36,0.44,0.17,0.59
1.484807014465332,0.36,0.47,0.06,0.59
1.499587059020996,0.25,0.38,0.03,0.45
1.5002741813659668,0.12,0.3,0.0,0.32
1.5153331756591797,0.03,0.23,0.03,0.23
1.516219139099121,0.06,0.26,0.11,0.28
1.5660021305084229,0.08,0.31,0.01,0.32
1.5667352676391602,0.08,0.3,-0.07,0.31
1.5864310264587402,0.03,0.33,0.08,0.34
1.5870542526245117,0.02,0.44,0.15,0.46
1.6006560325622559,0.06,0.52,0.17,0.55
1.6013622283935547,0.12,0.52,0.27,0.59
1.6161880493164062,0.23,0.48,0.27,0.59
1.6167349815368652,0.34,0.48,0.36,0.68
1.6319012641906738,0.35,0.56,0.41,0.77
1.6327581405639648,0.32,0.63,0.4,0.81
1.6837491989135742,0.29,0.7,0.4,0.85
1.6844940185546875,0.22,0.71,0.53,0.91
1.7026863098144531,0.15,0.73,0.48,0.88
1.703341007232666,0.1,0.71,0.39,0.81
1.7174460887908936,0.04,0.63,0.6,0.87
1.7181451320648193,0.02,0.65,0.66,0.92
1.732870101928711,0.02,0.7,0.52,0.87
1.7335081100463867,0.0,0.7,0.47,0.84
1.7490692138671875,-0.04,0.65,0.43,0.78
1.7499442100524902,-0.06,0.66,0.44,0.79
1.8001213073730469,-0.03,0.72,0.36,0.8
1.800840139389038,0.0,0.72,0.28,0.77
1.8182671070098877,0.07,0.7,0.21,0.73
1.8188621997833252,0.15,0.67,0.21,0.71
1.8339290618896484,0.21,0.64,0.13,0.68
1.834639072418213,0.29,0.61,0.03,0.67
1.8497161865234375,0.34,0.6,0.06,0.69
1.8503601551055908,0.33,0.6,0.14,0.69
1.86580228805542,0.34,0.57,0.04,0.66
1.8668081760406494,0.35,0.5,0.05,0.61
1.9188191890716553,0.36,0.51,0.13,0.63
1.9196231365203857,0.35,0.59,0.1,0.69
1.9361052513122559,0.33,0.64,-0.04,0.72
1.9367470741271973,0.34,0.61,-0.07,0.7
1.9502692222595215,0.3,0.56,-0.06,0.63
1.950977087020874,0.25,0.53,-0.11,0.59
1.9660892486572266,0.3,0.47,-0.12,0.57
1.966853141784668,0.39,0.4,-0.19,0.59
1.9822893142700195,0.43,0.31,-0.24,0.58
1.9832773208618164,0.42,0.28,-0.28,0.57
2.0335912704467773,0.38,0.32,-0.4,0.63
2.0343821048736572,0.26,0.34,-0.45,0.62
2.052455186843872,0.15,0.34,-0.41,0.55
2.053044319152832,0.04,0.33,-0.42,0.53
2.0676980018615723,-0.02,0.36,-0.48,0.6
2.068361282348633,-0.01,0.36,-0.51,0.62
2.082371234893799,0.0,0.32,-0.56,0.64
2.083125114440918,0.01,0.3,-0.51,0.59
2.0987441539764404,-0.03,0.34,-0.43,0.54
2.0997190475463867,-0.13,0.43,-0.4,0.6
2.1502132415771484,-0.21,0.45,-0.39,0.63
2.1510021686553955,-0.24,0.42,-0.19,0.51
2.169382095336914,-0.21,0.43,0.01,0.47
2.170185089111328,-0.15,0.47,0.0,0.49
2.1831212043762207,-0.06,0.43,-0.13,0.45
2.1839423179626465,0.03,0.35,-0.12,0.37
2.1980412006378174,0.11,0.34,-0.08,0.36
2.1988000869750977,0.18,0.39,-0.08,0.43
2.2144579887390137,0.22,0.42,0.23,0.52
2.2154080867767334,0.21,0.5,0.35,0.64
2.2658042907714844,0.26,0.62,0.25,0.71
2.2666101455688477,0.36,0.65,0.26,0.78
2.286255121231079,0.4,0.61,0.11,0.73
2.2869772911071777,0.45,0.58,0.08,0.73
2.3005990982055664,0.41,0.56,0.2,0.72
2.3014111518859863,0.3,0.57,0.27,0.69
2.3160481452941895,0.19,0.61,0.3,0.7
2.316807270050049,0.13,0.68,0.3,0.75
2.3313491344451904,0.04,1.32,0.33,1.36
2.3322861194610596,0.09,0.85,0.31,0.9
2.3490681648254395,0.19,0.79,0.21,0.83
2.401519298553467,0.22,0.75,0.07,0.78
2.4023990631103516,0.22,0.72,-0.13,0.76
2.419459104537964,0.17,0.88,-0.33,0.95
2.420257091522217,0.24,0.74,-0.56,0.95
2.4339401721954346,0.31,0.54,-0.7,0.93
2.4347310066223145,0.33,0.28,-0.73,0.84
2.4493422508239746,0.29,0.1,-0.67,0.73
2.4501261711120605,0.24,0.03,-0.51,0.56
2.4659171104431152,0.22,0.2,-0.49,0.57
2.4668850898742676,0.25,0.36,-0.72,0.84
2.517867088317871,0.29,0.3,-0.93,1.01
2.518609046936035,0.29,0.21,-1.19,1.24
2.5359091758728027,0.2,-0.03,-1.19,1.2
2.53665828704834,0.06,-0.36,-1.12,1.17
2.550508975982666,-0.11,-0.75,-1.13,1.36
2.5513272285461426,-0.25,-0.99,-1.26,1.62
2.5649890899658203,-0.39,-1.03,-1.38,1.76
2.5657711029052734,-0.25,-0.58,-1.27,1.41
2.581416130065918,0.02,-0.08,-1.21,1.21
2.5823841094970703,-0.19,-0.29,-1.36,1.4
2.6319961547851562,-0.27,-0.87,-0.78,1.19
2.6327552795410156,-0.33,-1.05,-0.02,1.1
2.652294158935547,-0.54,-0.52,0.25,0.79
2.653093099594116,-0.63,0.08,0.12,0.64
2.6672539710998535,-0.47,0.23,0.04,0.52
2.667971134185791,-0.22,0.11,0.02,0.24
2.6825289726257324,-0.01,0.07,-0.21,0.22
2.683267116546631,0.14,0.16,-0.37,0.42
2.6988821029663086,0.14,0.33,-0.36,0.5
2.699748992919922,-0.01,0.48,-0.23,0.53
2.7520151138305664,-0.2,0.51,-0.03,0.54
2.7528011798858643,-0.41,0.49,-0.02,0.63
2.7691802978515625,-0.45,0.4,-0.04,0.6
2.769865036010742,-0.37,0.36,-0.12,0.53
2.783985137939453,-0.23,0.38,-0.15,0.46
2.784731149673462,0.0,0.37,-0.12,0.38
2.799221992492676,0.3,0.45,0.06,0.54
2.7999672889709473,0.2,0.63,0.29,0.72
2.815462112426758,0.21,0.52,-0.01,0.56
2.816373109817505,0.51,0.4,0.14,0.66
2.8661999702453613,0.63,0.37,0.2,0.75
2.8669509887695312,0.6,0.27,0.23,0.69
2.885284185409546,0.56,0.02,0.33,0.65
2.885956287384033,0.19,0.19,0.07,0.27
2.900825023651123,0.36,0.98,0.09,1.04
2.9015731811523438,0.49,1.22,-0.04,1.31
2.9159371852874756,0.42,0.64,-0.29,0.81
2.9166531562805176,0.47,0.13,-0.29,0.56
2.932051181793213,0.63,-0.06,-0.52,0.81
2.932960033416748,0.55,0.23,-0.72,0.93
2.983835220336914,0.5,0.1,-0.74,0.89
2.984577178955078,0.61,-0.1,-0.46,0.77
3.0014021396636963,0.63,0.09,-0.01,0.63
3.002087116241455,0.5,0.33,0.32,0.67
3.0170440673828125,0.24,0.3,0.57,0.68
3.0177581310272217,0.0,0.17,1.04,1.05
3.032287120819092,-0.17,0.27,2.02,2.04
3.0330190658569336,-0.24,0.39,2.81,2.84
3.048847198486328,-0.1,0.3,3.12,3.13
3.049746036529541,0.28,0.18,3.3,3.31
3.101943016052246,0.78,0.2,3.32,3.41
3.10273814201355,1.21,0.35,3.23,3.46
3.1198782920837402,1.51,0.6,3.09,3.49
3.1204919815063477,1.47,0.77,2.88,3.32
3.1339540481567383,1.01,0.86,2.62,2.93
3.134681224822998,0.55,0.72,2.38,2.54
3.149273157119751,0.32,0.53,2.03,2.12
3.149998188018799,0.39,0.39,1.38,1.48
3.165527105331421,0.58,0.02,0.56,0.8
3.166433095932007,0.91,-0.42,0.08,1.0
3.218973159790039,1.13,-0.52,-0.3,1.27
3.219783306121826,1.18,-0.54,-0.96,1.61
3.2360520362854004,1.19,-0.55,-1.25,1.81
3.236729145050049,0.97,-0.63,-1.23,1.68
3.250102996826172,0.69,-0.12,-0.41,0.81
3.2508251667022705,0.15,0.47,0.15,0.51
3.2655651569366455,-0.22,0.85,0.47,0.99
3.2663512229919434,-0.39,1.34,0.87,1.64
3.282576084136963,-0.37,1.0,0.98,1.44
3.2834672927856445,-0.22,0.46,1.04,1.15
3.2991743087768555,-0.08,0.2,1.0,1.02
3.3531641960144043,-0.1,0.16,0.88,0.9
3.353893280029297,-0.15,0.01,0.73,0.74
3.368594169616699,-0.25,-0.24,0.34,0.48
3.369319200515747,-0.46,-0.42,-0.06,0.62
3.383780002593994,-0.66,-0.42,-0.36,0.86
3.384449005126953,-0.9,-0.33,-0.8,1.24
3.3989651203155518,-1.09,-0.28,-1.17,1.62
3.3997111320495605,-1.12,-0.3,-1.48,1.88
3.415654182434082,-1.05,-0.32,-1.81,2.11
3.416520118713379,-0.98,-0.32,-2.02,2.26
3.4690279960632324,-0.85,-0.31,-2.01,2.2
3.4696969985961914,-0.67,-0.33,-2.03,2.16
3.4883811473846436,-0.5,-0.33,-2.06,2.14
3.488986015319824,-0.38,-0.34,-2.16,2.21
3.5000710487365723,-0.32,-0.39,-2.3,2.35
3.5007810592651367,-0.26,-0.49,-2.26,2.32
3.5155551433563232,-0.24,-0.61,-2.18,2.27
3.516294002532959,-0.23,-0.71,-2.05,2.18
3.531970977783203,-0.31,-0.75,-1.99,2.14
3.532839298248291,-0.5,-0.76,-1.9,2.1
3.5856432914733887,-0.65,-0.76,-1.69,1.96
3.5863420963287354,-0.71,-0.81,-1.52,1.86
3.6006851196289062,-0.79,-0.81,-1.42,1.81
3.6012871265411377,-0.91,-0.75,-1.1,1.61
3.6170129776000977,-1.13,-0.6,-0.65,1.43
3.6177191734313965,-1.32,-0.4,-0.24,1.4
3.632193088531494,-1.41,-0.24,0.21,1.44
3.6329290866851807,-1.42,-0.14,0.66,1.57
3.6485352516174316,-1.48,-0.03,1.15,1.87
3.649423122406006,-1.52,0.04,1.57,2.18
3.701817035675049,-1.49,0.01,2.0,2.49
3.7025370597839355,-1.47,0.01,2.34,2.76
3.7176401615142822,-1.46,0.07,2.59,2.97
3.718299150466919,-1.43,0.11,2.89,3.22
3.733426094055176,-1.31,0.07,3.13,3.39
3.734147071838379,-1.13,0.0,3.1,3.29
3.7489500045776367,-1.01,-0.03,2.97,3.13
3.7496471405029297,-1.03,-0.03,2.8,2.98
3.765280246734619,-1.03,-0.07,2.5,2.7
3.766087055206299,-0.94,-0.14,2.05,2.25
3.8187222480773926,-0.92,-0.21,1.64,1.89
3.819455146789551,-0.89,-0.26,1.5,1.76
3.834205150604248,-0.84,-0.29,1.27,1.55
3.8348822593688965,-0.88,-0.32,0.96,1.34
3.85007905960083,-0.94,-0.37,0.79,1.28
3.8507981300354004,-0.99,-0.39,0.62,1.23
3.865807056427002,-1.06,-0.37,0.38,1.18
3.8665289878845215,-1.07,-0.41,0.21,1.16
3.8819801807403564,-1.07,-0.46,0.12,1.17
3.8828041553497314,-1.03,-0.4,0.08,1.1
3.9348602294921875,-0.89,-0.34,0.17,0.96
3.935595989227295,-0.73,-0.32,0.3,0.85
3.9509341716766357,-0.72,-0.18,0.35,0.82
3.9515953063964844,-0.65,0.0,0.43,0.77
3.9663610458374023,-0.47,0.02,0.37,0.59
3.967074155807495,-0.33,-0.11,0.11,0.36
3.981868267059326,-0.3,-0.2,-0.14,0.38
3.982548236846924,-0.38,-0.21,-0.39,0.58
3.998404026031494,-0.52,-0.2,-0.65,0.85
3.999268054962158,-0.64,-0.23,-0.89,1.12
4.051033020019531,-0.72,-0.32,-1.07,1.32
4.051774024963379,-0.86,-0.43,-1.3,1.61
4.067038059234619,-0.88,-0.49,-1.47,1.78
4.067633152008057,-0.88,-0.49,-1.77,2.03
4.083470106124878,-0.93,-0.55,-1.97,2.24
4.084149122238159,-0.99,-0.61,-2.03,2.33
4.098056316375732,-0.97,-0.62,-2.15,2.43
4.0987982749938965,-0.94,-0.58,-2.21,2.47
4.115276098251343,-0.82,-0.55,-2.26,2.46
4.116074085235596,-0.69,-0.49,-2.26,2.41
4.168284177780151,-0.65,-0.38,-2.1,2.23
4.169034004211426,-0.71,-0.29,-1.83,1.98
4.183693170547485,-0.77,-0.28,-1.6,1.79
4.184328079223633,-0.78,-0.36,-1.39,1.63
4.2000203132629395,-0.9,-0.47,-1.12,1.51
4.20073127746582,-1.07,-0.6,-0.78,1.45
4.2153639793396,-1.2,-0.72,-0.44,1.46
4.216050148010254,-1.33,-0.79,-0.17,1.55
4.231935024261475,-1.53,-0.89,0.14,1.77
4.232785224914551,-1.67,-0.97,0.5,1.99
4.248894214630127,-1.65,-1.0,0.78,2.08
4.302102088928223,-1.58,-0.93,0.92,2.05
4.302793025970459,-1.5,-0.84,1.07,2.02
4.3143510818481445,-1.32,-0.77,1.31,2.01
4.3150153160095215,-1.07,-0.62,1.53,1.96
4.330572128295898,-0.83,-0.35,1.6,1.83
4.331286191940308,-0.57,-0.04,1.66,1.75
4.346940040588379,-0.32,0.22,1.71,1.75
4.347589015960693,-0.1,0.44,1.69,1.74
4.363515138626099,0.06,0.66,1.68,1.8
4.364392280578613,0.16,0.9,1.7,1.93
4.415394306182861,0.26,1.1,1.78,2.1
4.4161200523376465,0.41,1.19,1.77,2.17
4.434435129165649,0.49,1.19,1.69,2.12
4.435052156448364,0.42,1.14,1.58,1.99
4.450042247772217,0.25,1.0,1.49,1.81
4.450756072998047,0.11,0.73,1.45,1.62
4.465267181396484,-0.02,0.45,1.25,1.32
4.465973138809204,-0.1,0.23,1.02,1.05
4.482024192810059,-0.17,0.03,0.75,0.76
4.482922077178955,-0.31,-0.11,0.48,0.58
4.5342981815338135,-0.39,-0.17,0.27,0.5
4.535032272338867,-0.48,-0.21,0.07,0.52
4.550989151000977,-0.56,-0.23,-0.09,0.61
4.551661968231201,-0.44,-0.26,-0.19,0.54
4.566863059997559,-0.29,-0.32,-0.35,0.55
4.567543983459473,-0.15,-0.32,-0.58,0.67
4.582187175750732,0.01,-0.32,-0.72,0.78
4.582842111587524,0.11,-0.31,-0.93,0.98
4.598289966583252,0.14,-0.26,-1.2,1.23
4.599151134490967,0.16,-0.2,-1.21,1.23
4.652120113372803,0.24,-0.12,-1.23,1.25
4.6529011726379395,0.4,-0.18,-1.48,1.54
4.66912317276001,0.57,-0.3,-1.72,1.83
4.669773101806641,0.65,-0.37,-1.87,2.01
4.683369159698486,0.66,-0.42,-2.0,2.14
4.684075117111206,0.64,-0.5,-2.13,2.27
4.698657989501953,0.62,-0.62,-2.16,2.33
4.699377059936523,0.58,-0.7,-2.09,2.27
4.71551513671875,0.56,-0.77,-2.02,2.23
4.71635627746582,0.55,-0.84,-2.02,2.25
4.768576145172119,0.54,-0.92,-1.96,2.23
4.76936411857605,0.43,-0.94,-1.78,2.05
4.785950183868408,0.36,-0.91,-1.6,1.87
4.786620140075684,0.41,-0.86,-1.55,1.81
4.800295114517212,0.51,-0.8,-1.5,1.77
4.80100417137146,0.58,-0.69,-1.26,1.54
4.815670013427734,0.63,-0.45,-1.0,1.26
4.8163743019104,0.73,-0.18,-0.7,1.02
4.831676006317139,0.83,0.05,-0.31,0.88
4.832578182220459,0.87,0.29,0.12,0.92
4.883528232574463,0.86,0.55,0.6,1.18
4.884328126907349,0.93,0.7,1.01,1.54
4.9026780128479,1.03,0.82,1.29,1.84
4.903416156768799,1.1,0.94,1.66,2.2
4.917150020599365,1.15,1.09,2.16,2.67
4.91790509223938,1.12,1.29,2.5,3.02
4.932160139083862,1.1,1.44,2.8,3.33
4.932906150817871,1.16,1.55,3.01,3.57
4.948729991912842,1.21,1.66,3.19,3.79
4.949569225311279,1.24,1.75,3.26,3.9
4.999864101409912,1.27,1.68,3.26,3.88
5.000625133514404,1.24,1.55,3.11,3.68
5.019164085388184,1.15,1.47,2.83,3.39
5.019810199737549,0.98,1.37,2.62,3.11
5.033442974090576,0.86,1.2,2.39,2.8
5.034164190292358,0.71,1.06,2.09,2.44
5.048981189727783,0.58,0.91,1.82,2.11
5.04970121383667,0.56,0.72,1.62,1.85
5.065454006195068,0.59,0.55,1.36,1.58
5.0663111209869385,0.58,0.45,1.0,1.24
5.118109226226807,0.54,0.42,0.76,1.02
5.118919134140015,0.47,0.44,0.54,0.84
5.1359171867370605,0.45,0.46,0.24,0.68
5.136533260345459,0.53,0.44,-0.05,0.69
5.1506242752075195,0.59,0.42,-0.36,0.8
5.151362180709839,0.57,0.39,-0.59,0.9
5.165534019470215,0.57,0.32,-0.79,1.02
5.166205167770386,0.62,0.25,-1.0,1.2
5.181878089904785,0.67,0.18,-1.29,1.46
5.182730197906494,0.67,0.13,-1.51,1.65
5.198347091674805,0.62,0.13,-1.65,1.76
5.251466274261475,0.58,0.12,-1.76,1.85
5.252328157424927,0.59,0.02,-1.85,1.94
5.268351078033447,0.66,-0.11,-1.96,2.07
5.26904296875,0.75,-0.25,-2.07,2.21
5.283689975738525,0.79,-0.34,-2.18,2.34
5.284408092498779,0.78,-0.4,-2.3,2.46
5.298523187637329,0.76,-0.44,-2.28,2.44
5.299237251281738,0.71,-0.47,-2.19,2.34
5.315553188323975,0.65,-0.48,-2.07,2.22
5.316471099853516,0.56,-0.5,-1.83,1.97
5.367703199386597,0.51,-0.52,-1.58,1.73
5.36837911605835,0.51,-0.51,-1.29,1.47
5.38456916809082,0.43,-0.45,-1.04,1.21
5.385250091552734,0.31,-0.38,-0.76,0.9
5.4001030921936035,0.26,-0.3,-0.41,0.57
5.400818109512329,0.17,-0.14,-0.22,0.31
5.415553092956543,0.14,0.01,0.02,0.14
5.416228294372559,0.13,0.13,0.21,0.27
5.431804180145264,0.11,0.24,0.32,0.41
5.4326982498168945,0.12,0.35,0.49,0.61
5.485043048858643,0.18,0.46,0.66,0.82
5.4857683181762695,0.29,0.58,0.86,1.07
5.500511169433594,0.41,0.73,1.13,1.4
5.501201152801514,0.46,0.89,1.39,1.71
5.5166802406311035,0.5,1.02,1.64,1.99
5.517395973205566,0.57,1.15,1.74,2.16
5.532077312469482,0.68,1.25,1.78,2.27
5.53275203704834,0.76,1.25,1.87,2.37
5.548517227172852,0.83,1.23,1.99,2.48
5.54934024810791,0.96,1.23,1.96,2.5
5.601943016052246,1.09,1.21,1.96,2.54
5.602678298950195,1.08,1.2,2.01,2.57
5.618687152862549,1.06,1.12,2.04,2.55
5.619342088699341,1.03,0.98,2.0,2.45
5.633533000946045,0.92,0.88,1.8,2.2
5.634251117706299,0.79,0.79,1.66,2.0
5.64892315864563,0.64,0.68,1.57,1.82
5.6496031284332275,0.55,0.63,1.47,1.69
5.665800094604492,0.51,0.66,1.34,1.57
5.666693210601807,0.43,0.71,1.2,1.45
5.717877149581909,0.35,0.73,1.15,1.4
5.718616008758545,0.37,0.68,1.13,1.36
5.735825061798096,0.45,0.65,0.8,1.12
5.736499309539795,0.5,0.63,0.51,0.95
5.750417232513428,0.54,0.63,0.31,0.88
5.751070976257324,0.57,0.64,0.0,0.85
5.765092134475708,0.61,0.62,-0.29,0.91
5.7658562660217285,0.69,0.58,-0.54,1.05
5.781874179840088,0.73,0.54,-0.78,1.19
5.782785177230835,0.76,0.47,-0.95,1.3
5.836687088012695,0.83,0.35,-1.1,1.42
5.837488174438477,0.87,0.25,-1.26,1.55
5.852252006530762,0.89,0.15,-1.36,1.63
5.852890968322754,0.85,0.06,-1.45,1.68
5.866477966308594,0.75,-0.02,-1.56,1.73
5.867175102233887,0.65,-0.14,-1.61,1.74
5.882184028625488,0.57,-0.28,-1.57,1.69
5.882901191711426,0.49,-0.38,-1.58,1.69
5.898522138595581,0.42,-0.46,-1.61,1.72
5.899353981018066,0.35,-0.57,-1.6,1.73
5.950383186340332,0.34,-0.66,-1.58,1.74
5.951147079467773,0.33,-0.67,-1.61,1.77
5.969054222106934,0.28,-0.64,-1.54,1.69
5.969714164733887,0.25,-0.6,-1.38,1.52
5.983256101608276,0.27,-0.55,-1.19,1.33
5.98399019241333,0.3,-0.46,-0.99,1.13
5.998739242553711,0.32,-0.36,-0.83,0.95
5.999458312988281,0.33,-0.25,-0.63,0.75
6.015865087509155,0.34,-0.16,-0.35,0.51
6.0167622566223145,0.27,-0.05,-0.1,0.29
6.069470167160034,0.19,0.11,0.2,0.29
6.070137023925781,0.13,0.3,0.5,0.59
6.084928035736084,0.07,0.43,0.8,0.91
6.085605144500732,0.03,0.5,1.08,1.19
6.099931240081787,0.0,0.54,1.35,1.45
6.100630283355713,0.01,0.52,1.63,1.71
6.115417003631592,-0.01,0.53,1.82,1.89
6.116146087646484,-0.1,0.58,2.04,2.12
6.131657123565674,-0.18,0.58,2.25,2.33
6.132471084594727,-0.24,0.54,2.23,2.3
6.1471381187438965,-0.25,0.47,2.21,2.27
6.200454235076904,-0.25,0.4,2.19,2.24
6.201120138168335,-0.31,0.32,1.95,2.0
6.217778205871582,-0.38,0.18,1.69,1.74
6.218446254730225,-0.52,0.05,1.55,1.63
6.2333502769470215,-0.72,-0.04,1.49,1.65
6.234066009521484,-0.86,-0.13,1.29,1.55
6.248800277709961,-0.93,-0.29,1.06,1.43
6.249521255493164,-0.91,-0.48,0.78,1.29
6.265233039855957,-0.85,-0.62,0.59,1.2
6.266124248504639,-0.8,-0.68,0.49,1.15
6.318364143371582,-0.72,-0.7,0.4,1.08
6.319144248962402,-0.65,-0.69,0.23,0.97
6.335512161254883,-0.67,-0.63,0.11,0.92
6.336169242858887,-0.7,-0.58,-0.02,0.9
6.3501410484313965,-0.71,-0.53,-0.17,0.9
6.3507421016693115,-0.71,-0.51,-0.31,0.92
6.365365982055664,-0.7,-0.46,-0.43,0.94
6.366026163101196,-0.7,-0.38,-0.56,0.97
6.381577014923096,-0.69,-0.34,-0.69,1.03
6.382392168045044,-0.68,-0.34,-0.83,1.12
6.435306072235107,-0.65,-0.35,-0.95,1.2
6.436093091964722,-0.61,-0.31,-1.04,1.24
6.452249050140381,-0.61,-0.26,-1.15,1.32
6.4528491497039795,-0.6,-0.27,-1.29,1.44
6.466706275939941,-0.6,-0.3,-1.36,1.51
6.467336177825928,-0.58,-0.31,-1.46,1.6
6.482382297515869,-0.62,-0.32,-1.64,1.78
6.483108043670654,-0.7,-0.38,-1.74,1.91
6.498324155807495,-0.8,-0.47,-1.75,1.98
6.49920916557312,-0.88,-0.6,-1.76,2.05
6.550702095031738,-0.93,-0.75,-1.83,2.18
6.551468133926392,-0.93,-0.87,-1.76,2.17
6.56882905960083,-0.91,-0.95,-1.65,2.11
6.56946325302124,-0.91,-1.02,-1.48,2.01
6.583405017852783,-0.89,-1.03,-1.28,1.86
6.584118127822876,-0.84,-0.98,-1.17,1.74
6.598307132720947,-0.71,-0.97,-1.08,1.61
6.599032163619995,-0.61,-0.98,-1.0,1.52
6.6151652336120605,-0.62,-0.91,-0.8,1.36
6.616034984588623,-0.81,-0.72,-0.45,1.17
6.667961120605469,-1.08,-0.51,-0.12,1.2
6.668662071228027,-1.22,-0.42,0.13,1.29
6.68428897857666,-1.18,-0.41,0.3,1.28
6.68487811088562,-1.14,-0.4,0.45,1.28
6.700386047363281,-1.08,-0.33,0.64,1.29
6.701085090637207,-1.06,-0.22,0.91,1.41
6.715391159057617,-1.02,-0.05,1.17,1.55
6.716100215911865,-0.93,0.11,1.38,1.66
6.731934070587158,-0.79,0.21,1.57,1.77
6.7328362464904785,-0.6,0.29,1.71,1.83
6.785781145095825,-0.5,0.4,1.73,1.84
6.786505222320557,-0.53,0.56,1.73,1.89
6.802281141281128,-0.68,0.63,1.84,2.06
6.802911281585693,-0.77,0.55,1.95,2.16
6.81718111038208,-0.84,0.44,1.83,2.06
6.817878246307373,-0.88,0.28,1.66,1.89
6.832239151000977,-0.99,0.11,1.55,1.84
6.832949161529541,-1.18,0.06,1.54,1.94
6.848577976226807,-1.34,0.04,1.54,2.04
6.849364280700684,-1.39,-0.06,1.51,2.05
6.902006149291992,-1.32,-0.17,1.45,1.96
6.902788162231445,-1.18,-0.27,1.34,1.8
6.919130086898804,-1.04,-0.35,1.24,1.65
6.919748306274414,-0.97,-0.35,1.12,1.52
6.933419227600098,-0.93,-0.3,0.95,1.36
6.934101104736328,-0.86,-0.28,0.83,1.22
6.9492621421813965,-0.77,-0.3,0.61,1.02
6.950003147125244,-0.67,-0.27,0.28,0.77
6.965183258056641,-0.55,-0.23,0.0,0.59
6.966063022613525,-0.53,-0.19,-0.15,0.58
7.017495155334473,-0.55,-0.14,-0.3,0.64
7.018289089202881,-0.52,-0.13,-0.56,0.77
7.035520076751709,-0.48,-0.17,-0.84,0.98
7.036206245422363,-0.51,-0.22,-1.0,1.14
7.050642967224121,-0.54,-0.28,-1.09,1.24
7.051360130310059,-0.59,-0.31,-1.2,1.37
7.0654261112213135,-0.64,-0.38,-1.32,1.51
7.066102981567383,-0.63,-0.51,-1.47,1.67
7.0805439949035645,-0.59,-0.61,-1.58,1.79
7.081412315368652,-0.56,-0.64,-1.63,1.83
7.132878303527832,-0.56,-0.66,-1.72,1.92
7.133514165878296,-0.56,-0.65,-1.75,1.94
7.151348114013672,-0.55,-0.65,-1.74,1.93
7.151914119720459,-0.46,-0.67,-1.77,1.94
7.1662890911102295,-0.34,-0.71,-1.78,1.94
7.166919231414795,-0.19,-0.73,-1.76,1.91
7.18211817741394,-0.14,-0.72,-1.69,1.84
7.1827991008758545,-0.23,-0.73,-1.55,1.72
7.197679042816162,-0.33,-0.7,-1.31,1.52
7.198592185974121,-0.44,-0.62,-1.07,1.31
7.252017021179199,-0.56,-0.56,-0.93,1.22
7.252813100814819,-0.64,-0.52,-0.72,1.09
7.268768310546875,-0.7,-0.47,-0.49,0.97
7.269423007965088,-0.75,-0.36,-0.29,0.88
7.283621311187744,-0.81,-0.2,-0.03,0.83
7.284316062927246,-0.79,-0.08,0.19,0.81
7.2987213134765625,-0.79,0.08,0.43,0.9
7.299382209777832,-0.8,0.26,0.7,1.09
7.315042018890381,-0.78,0.36,1.06,1.36
7.3158581256866455,-0.78,0.4,1.33,1.59
7.33171010017395,-0.79,0.43,1.55,1.79
7.3864991664886475,-0.72,0.38,1.74,1.92
7.387446165084839,-0.64,0.35,1.78,1.92
7.401954174041748,-0.68,0.39,1.82,1.98
7.402605056762695,-0.77,0.38,1.93,2.11
7.4165871143341064,-0.79,0.32,2.0,2.17
7.417284965515137,-0.8,0.24,1.94,2.11
7.432247161865234,-0.8,0.14,1.87,2.03
7.4328742027282715,-0.78,0.0,1.76,1.92
7.448564052581787,-0.73,-0.13,1.56,1.72
7.449481010437012,-0.69,-0.26,1.41,1.59
7.500540256500244,-0.74,-0.3,1.28,1.5
7.501333236694336,-0.81,-0.28,1.17,1.45
7.518831253051758,-0.83,-0.29,1.04,1.36
7.5194761753082275,-0.79,-0.34,0.85,1.2
7.532997131347656,-0.7,-0.35,0.66,1.02
7.533724308013916,-0.59,-0.32,0.43,0.79
7.548739194869995,-0.46,-0.32,0.24,0.6
7.549400091171265,-0.36,-0.26,0.06,0.44
7.564939022064209,-0.26,-0.16,-0.12,0.32
7.565828084945679,-0.21,-0.06,-0.34,0.4
7.618650197982788,-0.18,0.0,-0.51,0.54
7.619379997253418,-0.12,0.02,-0.69,0.7
7.634051084518433,-0.03,0.02,-0.94,0.94
7.634658098220825,0.02,-0.01,-1.17,1.17
7.64977502822876,0.01,-0.03,-1.24,1.24
7.650477170944214,-0.04,-0.06,-1.23,1.23
7.665273189544678,-0.07,-0.14,-1.26,1.26
7.6660051345825195,-0.03,-0.24,-1.32,1.34
7.68178915977478,0.0,-0.29,-1.42,1.44
7.682655096054077,-0.02,-0.37,-1.47,1.51
7.734958171844482,-0.06,-0.48,-1.53,1.6
7.735764026641846,-0.15,-0.54,-1.47,1.57
7.752251148223877,-0.28,-0.59,-1.34,1.49
7.752838134765625,-0.32,-0.65,-1.34,1.52
7.7669219970703125,-0.28,-0.71,-1.39,1.58
7.767617225646973,-0.23,-0.76,-1.48,1.67
7.782070159912109,-0.15,-0.81,-1.56,1.76
7.78272819519043,-0.09,-0.81,-1.64,1.83
7.798197269439697,-0.11,-0.73,-1.58,1.74
7.799032211303711,-0.07,-0.62,-1.42,1.55
7.849836111068726,-0.02,-0.48,-1.27,1.35
7.850644111633301,0.07,-0.36,-1.02,1.08
7.868643283843994,0.14,-0.28,-0.79,0.84
7.869330167770386,0.23,-0.18,-0.55,0.62
7.883514165878296,0.29,-0.11,-0.2,0.36
7.884234189987183,0.31,-0.12,0.13,0.35
7.898632049560547,0.24,-0.07,0.45,0.51
7.899351119995117,0.09,0.06,0.85,0.85
7.915088176727295,-0.03,0.2,1.26,1.27
7.915955066680908,-0.05,0.26,1.57,1.59
7.967565059661865,-0.04,0.32,1.73,1.75
7.968260288238525,-0.03,0.41,1.86,1.9
7.9830732345581055,0.02,0.44,2.01,2.05
7.983674049377441,0.1,0.5,2.01,2.07
7.999294281005859,0.21,0.61,1.94,2.04
7.999984264373779,0.3,0.74,1.95,2.1
8.015000104904175,0.43,0.89,1.89,2.13
8.015732288360596,0.6,1.02,1.76,2.12
8.032157182693481,0.71,1.12,1.66,2.12
8.032905101776123,0.81,1.17,1.63,2.16
8.085775136947632,0.88,1.23,1.56,2.17
8.086547136306763,0.93,1.24,1.48,2.14
8.101075172424316,0.91,1.16,1.5,2.1
8.101684093475342,0.88,1.03,1.6,2.09
8.1163330078125,0.84,0.93,1.57,2.0
8.117038249969482,0.86,0.81,1.46,1.87
8.131457090377808,0.85,0.62,1.29,1.66
8.132143020629883,0.81,0.47,1.06,1.41
8.148693084716797,0.8,0.39,0.83,1.21
8.149531126022339,0.8,0.33,0.58,1.04
8.20009708404541,0.8,0.31,0.33,0.91
8.200770139694214,0.81,0.33,0.05,0.87
8.217894077301025,0.79,0.35,-0.23,0.89
8.21851110458374,0.78,0.36,-0.44,0.96
8.232518196105957,0.81,0.36,-0.62,1.08
8.233191013336182,0.84,0.35,-0.76,1.18
8.24828815460205,0.84,0.32,-0.96,1.31
8.248938083648682,0.86,0.3,-1.09,1.42
8.264479160308838,0.85,0.23,-1.16,1.45
8.265299320220947,0.82,0.15,-1.16,1.42
8.282011032104492,0.76,0.11,-1.24,1.45
8.335960149765015,0.78,0.04,-1.36,1.56
8.3368980884552,0.81,0.0,-1.42,1.63
8.349009037017822,0.79,-0.02,-1.46,1.66
8.349666118621826,0.77,0.0,-1.41,1.6
8.364601135253906,0.75,-0.02,-1.32,1.51
8.36532211303711,0.7,-0.01,-1.3,1.47
8.38223123550415,0.67,0.03,-1.26,1.42
8.382911205291748,0.67,-0.02,-1.18,1.35
8.398272037506104,0.69,-0.07,-1.12,1.31
8.399158000946045,0.71,-0.08,-1.03,1.25
8.44998812675476,0.71,-0.05,-0.88,1.13
8.45073127746582,0.7,-0.02,-0.68,0.97
8.468547105789185,0.68,0.04,-0.48,0.83
8.469222068786621,0.56,0.18,-0.32,0.66
8.483314990997314,0.46,0.32,-0.04,0.56
8.484011173248291,0.43,0.36,0.17,0.58
8.498478174209595,0.44,0.42,0.35,0.7
8.49918508529663,0.47,0.5,0.62,0.92
8.515038013458252,0.53,0.6,0.89,1.19
8.5159330368042,0.57,0.69,1.11,1.42
8.568438053131104,0.62,0.75,1.38,1.68
8.569215297698975,0.66,0.8,1.58,1.88
8.5853910446167,0.69,0.84,1.79,2.09
8.58601713180542,0.73,0.86,1.92,2.22
8.599695205688477,0.77,0.85,1.9,2.21
8.600407123565674,0.71,0.86,1.8,2.11
8.615303039550781,0.51,0.89,1.77,2.04
8.616015195846558,0.36,0.91,1.78,2.03
8.631535053253174,0.29,0.87,1.64,1.87
8.632430076599121,0.32,0.81,1.43,1.67
8.684207201004028,0.44,0.78,1.23,1.52
8.684925079345703,0.53,0.77,1.02,1.38
8.700781106948853,0.58,0.82,0.88,1.33
8.701464176177979,0.59,0.86,0.74,1.27
8.716798305511475,0.59,0.83,0.63,1.19
8.717417240142822,0.59,0.76,0.57,1.11
8.731731176376343,0.58,0.75,0.41,1.03
8.732429027557373,0.61,0.7,0.21,0.95
8.748054027557373,0.57,0.6,0.07,0.83
8.748857975006104,0.53,0.54,-0.13,0.76
8.800050258636475,0.48,0.49,-0.33,0.76
8.800761222839355,0.39,0.43,-0.46,0.74
8.818751096725464,0.28,0.36,-0.64,0.78
8.819424152374268,0.24,0.28,-0.8,0.88
8.833245277404785,0.24,0.19,-0.94,0.98
8.833883285522461,0.28,0.13,-1.11,1.15
8.848540306091309,0.33,0.09,-1.27,1.31
8.849239110946655,0.38,0.04,-1.37,1.42
8.864907264709473,0.38,0.04,-1.42,1.47
8.865659236907959,0.34,0.05,-1.46,1.49
8.916643142700195,0.32,0.09,-1.42,1.45
8.917403221130371,0.32,0.06,-1.35,1.38
8.935181140899658,0.37,-0.01,-1.28,1.33
8.935816287994385,0.43,-0.07,-1.18,1.25
8.949717044830322,0.44,-0.08,-1.02,1.11
8.950399160385132,0.42,-0.08,-0.82,0.92
8.965195178985596,0.38,-0.05,-0.71,0.8
8.96587324142456,0.36,-0.07,-0.62,0.72
8.981601238250732,0.31,-0.11,-0.49,0.59
8.982501983642578,0.27,-0.07,-0.44,0.52
9.033759117126465,0.27,0.02,-0.43,0.5
9.034454107284546,0.3,0.08,-0.39,0.49
9.050657272338867,0.35,0.15,-0.34,0.51
9.051324129104614,0.44,0.27,-0.29,0.59
9.066305160522461,0.54,0.36,-0.15,0.66
9.066991090774536,0.65,0.42,-0.02,0.77
9.081937313079834,0.72,0.54,0.12,0.9
9.08264708518982,0.75,0.67,0.34,1.06
9.098154067993164,0.77,0.78,0.64,1.26
9.09899616241455,0.79,0.86,0.84,1.43
9.15043020248413,0.82,0.94,0.95,1.56
9.151203155517578,0.86,1.03,1.04,1.69
9.168513298034668,0.87,1.12,1.21,1.86
9.169142246246338,0.83,1.17,1.39,1.99
9.18122410774231,0.75,1.24,1.61,2.16
9.18191909790039,0.7,1.27,1.8,2.31
9.198844194412231,0.65,1.24,1.97,2.41
9.199553966522217,0.58,1.19,2.01,2.4
9.214969158172607,0.43,1.16,2.0,2.35
9.215839147567749,0.25,1.1,2.02,2.31
9.231884002685547,0.06,0.98,2.02,2.24
9.28391718864441,-0.03,0.84,1.89,2.06
9.284783124923706,-0.04,0.69,1.78,1.9
9.3020761013031,-0.07,0.55,1.64,1.73
9.302706241607666,-0.1,0.41,1.54,1.59
9.316619157791138,-0.14,0.29,1.42,1.45
9.31734013557434,-0.19,0.14,1.23,1.25
9.33194613456726,-0.2,-0.02,1.03,1.04
9.332655191421509,-0.25,-0.15,0.74,0.79
9.348411083221436,-0.27,-0.28,0.44,0.58
9.3492910861969,-0.26,-0.46,0.14,0.54
9.400987148284912,-0.27,-0.61,-0.14,0.68
9.401782035827637,-0.32,-0.71,-0.45,0.89
9.4187490940094,-0.31,-0.77,-0.75,1.11
9.419416189193726,-0.29,-0.78,-1.05,1.33
9.433109283447266,-0.28,-0.78,-1.27,1.51
9.433771133422852,-0.31,-0.77,-1.33,1.56
9.448577165603638,-0.27,-0.74,-1.39,1.59
9.449288129806519,-0.17,-0.71,-1.5,1.66
9.464799165725708,-0.1,-0.66,-1.56,1.69
9.465651035308838,-0.02,-0.65,-1.5,1.63
9.516726970672607,0.04,-0.68,-1.46,1.61
9.517425060272217,0.04,-0.65,-1.46,1.59
9.535060167312622,0.03,-0.55,-1.36,1.46
9.535705089569092,0.01,-0.48,-1.26,1.34
9.54953908920288,0.03,-0.42,-1.21,1.28
9.55026626586914,0.06,-0.4,-1.18,1.24
9.56517505645752,0.03,-0.39,-1.17,1.23
9.565888166427612,-0.06,-0.35,-1.05,1.1
9.581552028656006,-0.2,-0.29,-0.86,0.92
9.582447052001953,-0.33,-0.25,-0.68,0.79
9.63549017906189,-0.39,-0.27,-0.5,0.68
9.636192083358765,-0.44,-0.26,-0.46,0.68
9.650516033172607,-0.5,-0.26,-0.32,0.64
9.651098251342773,-0.61,-0.25,-0.21,0.69
9.666067123413086,-0.72,-0.23,-0.16,0.77
9.666779041290283,-0.74,-0.25,-0.1,0.78
9.68182897567749,-0.75,-0.27,-0.19,0.81
9.682550191879272,-0.79,-0.24,-0.22,0.85
9.698200225830078,-0.81,-0.18,-0.13,0.83
9.699050188064575,-0.76,-0.15,-0.02,0.77
9.748988151550293,-0.67,-0.17,0.14,0.7
9.749791145324707,-0.53,-0.16,0.22,0.59
9.768668174743652,-0.4,-0.1,0.33,0.52
9.769312143325806,-0.39,-0.03,0.58,0.69
9.783287048339844,-0.45,-0.01,0.81,0.92
9.783952236175537,-0.49,-0.01,0.97,1.08
9.798448085784912,-0.52,0.0,1.14,1.25
9.799131155014038,-0.56,0.01,1.27,1.38
9.81479024887085,-0.61,0.02,1.34,1.47
9.815625190734863,-0.72,-0.03,1.34,1.52
9.867048263549805,-0.82,-0.08,1.38,1.6
9.86774206161499,-0.89,-0.08,1.36,1.62
9.884416103363037,-0.97,-0.07,1.24,1.57
9.885066032409668,-1.01,-0.1,1.16,1.54
9.899444103240967,-1.0,-0.14,0.99,1.41
9.900121212005615,-1.0,-0.12,0.8,1.28
9.915153980255127,-1.0,-0.11,0.69,1.21
9.915781021118164,-0.93,-0.11,0.52,1.07
9.931193113327026,-0.83,-0.14,0.28,0.88
9.93204927444458,-0.76,-0.19,0.08,0.78
9.982072114944458,-0.67,-0.25,-0.03,0.71
9.982863187789917,-0.6,-0.27,-0.19,0.68
10.00207805633545,-0.55,-0.23,-0.42,0.72
10.002742290496826,-0.5,-0.2,-0.54,0.76
10.016728162765503,-0.4,-0.17,-0.67,0.79
10.017420291900635,-0.31,-0.14,-0.9,0.96
10.031817197799683,-0.26,-0.13,-1.16,1.19
10.032549142837524,-0.28,-0.1,-1.28,1.31
10.04822826385498,-0.33,-0.07,-1.36,1.4
10.049107074737549,-0.37,-0.13,-1.34,1.39
10.099488258361816,-0.33,-0.22,-1.36,1.41
10.100300312042236,-0.29,-0.3,-1.54,1.59
10.118545055389404,-0.29,-0.35,-1.57,1.63
10.119150161743164,-0.36,-0.36,-1.43,1.51
10.132946014404297,-0.5,-0.34,-1.27,1.4
10.133668184280396,-0.61,-0.33,-1.17,1.36
10.148455142974854,-0.58,-0.44,-1.05,1.27
10.149182319641113,-0.53,-0.57,-0.97,1.24
10.165009021759033,-0.5,-0.65,-0.83,1.16
10.165943145751953,-0.51,-0.68,-0.66,1.07
10.181694984436035,-0.57,-0.67,-0.44,0.98
10.234798192977905,-0.68,-0.64,-0.13,0.94
10.235872268676758,-0.74,-0.54,0.13,0.92
10.252154111862183,-0.74,-0.45,0.24,0.89
10.252782106399536,-0.78,-0.44,0.38,0.97
10.266250133514404,-0.9,-0.38,0.57,1.13
10.267003059387207,-1.0,-0.23,0.66,1.22
10.282083988189697,-1.02,-0.1,0.72,1.25
10.282791137695312,-0.99,0.01,0.79,1.26
10.298278093338013,-0.88,0.12,0.91,1.27
10.299174308776855,-0.78,0.28,1.01,1.3
10.349674224853516,-0.71,0.42,1.2,1.45
10.350476264953613,-0.68,0.53,1.41,1.65
10.368609189987183,-0.67,0.57,1.57,1.79
10.369292259216309,-0.71,0.54,1.69,1.91
10.383292198181152,-0.73,0.42,1.77,1.96
10.3840491771698,-0.83,0.29,1.79,1.99
10.398466110229492,-0.97,0.14,1.9,2.13
10.399139165878296,-1.14,-0.04,1.9,2.21
10.414980173110962,-1.25,-0.19,1.86,2.24
10.415857315063477,-1.3,-0.32,1.76,2.21
10.466340065002441,-1.31,-0.4,1.59,2.09
10.467137098312378,-1.25,-0.42,1.44,1.95
10.485095977783203,-1.11,-0.4,1.29,1.74
10.485790252685547,-0.92,-0.38,1.11,1.49
10.49970817565918,-0.71,-0.33,0.88,1.17
10.5004301071167,-0.51,-0.24,0.69,0.89
10.51533031463623,-0.35,-0.16,0.53,0.65
10.516063213348389,-0.29,-0.11,0.35,0.46
10.531426191329956,-0.31,-0.03,0.19,0.36
10.532292127609253,-0.39,0.0,0.09,0.4
10.583778142929077,-0.47,-0.04,0.01,0.47
10.584558010101318,-0.49,-0.12,-0.18,0.53
10.601929187774658,-0.52,-0.21,-0.46,0.72
10.602622032165527,-0.53,-0.26,-0.6,0.84
10.616469144821167,-0.54,-0.26,-0.73,0.94
10.617088317871094,-0.54,-0.23,-0.86,1.04
10.631786108016968,-0.5,-0.24,-0.95,1.1
10.632487297058105,-0.44,-0.3,-1.08,1.2
10.647912979125977,-0.39,-0.37,-1.27,1.37
10.648808002471924,-0.4,-0.4,-1.43,1.53
10.700310230255127,-0.4,-0.44,-1.48,1.59
10.701022148132324,-0.42,-0.51,-1.59,1.72
10.71844220161438,-0.54,-0.53,-1.75,1.9
10.719127178192139,-0.68,-0.49,-1.73,1.92
10.732978105545044,-0.68,-0.56,-1.63,1.85
10.73362398147583,-0.66,-0.65,-1.76,1.98
10.748716115951538,-0.65,-0.72,-1.78,2.02
10.749404191970825,-0.59,-0.82,-1.53,1.83
10.76474118232727,-0.51,-0.87,-1.42,1.74
10.765588283538818,-0.45,-0.82,-1.42,1.7
10.815932273864746,-0.47,-0.73,-1.27,1.53
10.816730976104736,-0.48,-0.7,-1.05,1.35
10.835148096084595,-0.48,-0.65,-0.95,1.24
10.835766315460205,-0.45,-0.55,-0.89,1.13
10.849635124206543,-0.46,-0.43,-0.8,1.01
10.850361108779907,-0.45,-0.29,-0.6,0.8
10.86499810218811,-0.44,-0.18,-0.37,0.6
10.865703105926514,-0.43,-0.06,-0.13,0.45
10.88146710395813,-0.38,0.08,0.08,0.39
10.882328987121582,-0.34,0.24,0.27,0.49
10.898126125335693,-0.28,0.33,0.59,0.73
10.951539993286133,-0.23,0.41,0.99,1.09
10.95241117477417,-0.16,0.51,1.28,1.38
10.968550205230713,-0.07,0.5,1.58,1.65
10.96924114227295,-0.05,0.48,1.81,1.87
10.983280181884766,-0.16,0.5,1.92,1.99
10.984000205993652,-0.32,0.42,2.05,2.11
10.998456001281738,-0.53,0.29,2.07,2.15
10.999200105667114,-0.72,0.17,2.0,2.13
11.014979124069214,-0.82,0.04,1.83,2.0
11.015876293182373,-0.88,-0.09,1.59,1.81
11.067455291748047,-0.89,-0.2,1.39,1.66
11.06826114654541,-0.88,-0.23,1.28,1.57
11.085289001464844,-0.88,-0.18,1.17,1.47
11.08590817451477,-0.87,-0.09,1.07,1.38
11.099660158157349,-0.81,-0.04,1.01,1.29
11.100419044494629,-0.7,0.01,0.92,1.15
11.115332126617432,-0.51,0.02,0.89,1.02
11.116081237792969,-0.31,0.04,0.7,0.76
11.131408214569092,-0.14,0.07,0.5,0.52
11.132335186004639,-0.01,0.12,0.42,0.43
11.183022022247314,0.1,0.16,0.23,0.29
11.183818101882935,0.17,0.21,-0.01,0.27
11.201908111572266,0.23,0.22,-0.19,0.37
11.20254111289978,0.26,0.2,-0.38,0.5
11.216490268707275,0.31,0.17,-0.59,0.68
11.217246055603027,0.32,0.12,-0.79,0.86
11.231763124465942,0.3,0.07,-0.94,0.98
11.232460975646973,0.24,0.05,-1.0,1.02
11.248069286346436,0.15,0.01,-1.06,1.07
11.248932123184204,0.08,-0.07,-1.19,1.19
11.300422191619873,0.07,-0.18,-1.32,1.33
11.301122188568115,0.08,-0.28,-1.47,1.49
11.317584037780762,0.09,-0.32,-1.61,1.64
11.31820297241211,0.12,-0.33,-1.65,1.68
11.332966089248657,0.17,-0.4,-1.68,1.73
11.333658218383789,0.17,-0.46,-1.76,1.82
11.348421096801758,0.16,-0.49,-1.76,1.83
11.349050045013428,0.2,-0.52,-1.65,1.74
11.364495277404785,0.27,-0.53,-1.53,1.64
11.365410089492798,0.35,-0.51,-1.34,1.47
11.418049097061157,0.45,-0.46,-1.02,1.2
11.418853282928467,0.51,-0.32,-0.68,0.9
11.435271263122559,0.55,-0.18,-0.4,0.7
11.435955047607422,0.6,-0.11,-0.08,0.61
11.449833154678345,0.66,0.02,0.15,0.67
11.45056414604187,0.7,0.18,0.25,0.76
11.465106010437012,0.76,0.3,0.35,0.88
11.465833187103271,0.87,0.39,0.49,1.07
11.48164415359497,0.96,0.53,0.49,1.2
11.482465267181396,1.01,0.63,0.57,1.31
11.53963327407837,1.02,0.66,0.69,1.39
11.540410041809082,0.96,0.68,0.84,1.44
11.550758123397827,0.89,0.72,1.08,1.57
11.551419258117676,0.84,0.71,1.28,1.68
11.566215991973877,0.8,0.71,1.47,1.81
11.56691312789917,0.77,0.74,1.58,1.9
11.581672191619873,0.76,0.8,1.72,2.04
11.582395076751709,0.74,0.91,1.81,2.15
11.59809923171997,0.71,1.03,1.88,2.25
11.598988056182861,0.75,1.09,1.93,2.33
11.65517807006836,0.82,1.08,1.86,2.3
11.655967235565186,0.89,1.04,1.75,2.22
11.668484210968018,0.96,0.99,1.64,2.14
11.66915225982666,0.98,0.89,1.55,2.03
11.68337631225586,0.95,0.79,1.43,1.88
11.684064149856567,0.92,0.72,1.28,1.73
11.698377132415771,0.82,0.62,1.06,1.47
11.699096202850342,0.67,0.5,0.86,1.19
11.714908123016357,0.58,0.41,0.65,0.96
11.715859174728394,0.57,0.32,0.35,0.74
11.772578239440918,0.57,0.31,0.07,0.65
11.773352146148682,0.55,0.27,-0.17,0.63
11.784656047821045,0.6,0.25,-0.38,0.75
11.785369157791138,0.67,0.29,-0.65,0.97
11.799789190292358,0.76,0.33,-0.87,1.2
11.800539016723633,0.81,0.3,-1.03,1.34
11.815006256103516,0.86,0.27,-1.12,1.43
11.815739154815674,0.91,0.29,-1.18,1.51
11.831606149673462,0.92,0.31,-1.31,1.63
11.832553148269653,0.89,0.25,-1.34,1.62
11.84839415550232,0.86,0.17,-1.27,1.54
11.905434131622314,0.79,0.06,-1.26,1.48
11.906265258789062,0.71,-0.07,-1.26,1.44
11.918444156646729,0.63,-0.17,-1.19,1.35
11.91911506652832,0.53,-0.21,-1.12,1.25
11.932791233062744,0.46,-0.22,-0.98,1.1
11.933500289916992,0.4,-0.24,-0.95,1.05
11.948458194732666,0.37,-0.26,-0.88,0.98
11.949156284332275,0.38,-0.26,-0.78,0.9
11.96416425704956,0.37,-0.23,-0.72,0.84
11.964991092681885,0.43,-0.18,-0.58,0.74
12.018458127975464,0.48,-0.11,-0.44,0.66
12.01921010017395,0.45,0.03,-0.32,0.55
12.034272193908691,0.42,0.17,-0.18,0.48
12.034907102584839,0.4,0.21,0.0,0.45
12.049971103668213,0.4,0.21,0.24,0.51
12.050602197647095,0.38,0.27,0.5,0.68
12.064757108688354,0.36,0.37,0.7,0.86
12.065459251403809,0.35,0.45,1.0,1.15
12.081977128982544,0.34,0.48,1.23,1.36
12.082894086837769,0.38,0.51,1.41,1.54
12.13730001449585,0.43,0.62,1.46,1.64
12.138000011444092,0.48,0.74,1.53,1.76
12.1496741771698,0.61,0.81,1.6,1.89
12.150293111801147,0.79,0.89,1.55,1.95
12.165951251983643,0.88,1.03,1.51,2.02
12.166629314422607,0.85,1.13,1.53,2.08
12.181374073028564,0.82,1.12,1.61,2.12
12.182075023651123,0.79,1.01,1.55,2.01
12.197801113128662,0.68,0.89,1.42,1.8
12.19863510131836,0.6,0.8,1.32,1.65
12.25112509727478,0.54,0.75,1.15,1.47
12.25192928314209,0.5,0.7,0.89,1.23
12.267341136932373,0.5,0.66,0.65,1.05
12.267899990081787,0.53,0.59,0.42,0.89
12.28197717666626,0.6,0.52,0.2,0.81
12.28269100189209,0.69,0.48,0.01,0.84
12.296585083007812,0.75,0.49,-0.14,0.9
12.297284126281738,0.82,0.51,-0.28,1.0
12.312344074249268,0.88,0.5,-0.47,1.11
12.313185214996338,0.88,0.47,-0.66,1.19
12.365822315216064,0.85,0.43,-0.78,1.23
12.366595268249512,0.81,0.37,-0.91,1.27
12.382190227508545,0.67,0.32,-1.07,1.3
12.382847309112549,0.58,0.27,-1.1,1.27
12.399084091186523,0.52,0.21,-1.1,1.23
12.399761199951172,0.56,0.15,-1.15,1.28
12.414582252502441,0.67,0.08,-1.17,1.35
12.415302276611328,0.76,0.02,-1.18,1.4
12.431300163269043,0.8,-0.01,-1.14,1.39
12.432140111923218,0.8,0.01,-1.07,1.33
12.485544204711914,0.71,0.01,-1.02,1.24
12.486254215240479,0.61,-0.05,-0.94,1.12
12.500125169754028,0.48,-0.11,-0.89,1.01
12.500744104385376,0.38,-0.14,-0.89,0.97
12.515750169754028,0.29,-0.2,-0.85,0.92
12.516462087631226,0.2,-0.25,-0.7,0.76
12.531139135360718,0.14,-0.26,-0.57,0.64
12.531830310821533,0.06,-0.26,-0.48,0.54
12.547782182693481,0.09,-0.22,-0.31,0.39
12.548664093017578,0.15,-0.1,-0.11,0.21
12.602012157440186,0.19,0.07,0.04,0.2
12.602784156799316,0.22,0.27,0.25,0.42
12.618555068969727,0.26,0.42,0.48,0.68
12.619240283966064,0.35,0.55,0.61,0.89
12.632931232452393,0.46,0.7,0.76,1.13
12.633630275726318,0.49,0.81,0.87,1.28
12.64831018447876,0.49,0.85,1.02,1.41
12.648967266082764,0.48,0.86,1.21,1.56
12.66458010673523,0.44,0.85,1.35,1.65
12.6654372215271,0.39,0.78,1.53,1.76
12.720929145812988,0.36,0.7,1.7,1.87
12.721702098846436,0.31,0.64,1.76,1.89
12.734923124313354,0.2,0.58,1.81,1.91
12.735586166381836,0.11,0.45,1.79,1.84
12.749823093414307,0.02,0.26,1.62,1.64
12.750531196594238,-0.1,0.07,1.47,1.47
12.764917135238647,-0.22,-0.08,1.29,1.31
12.765663146972656,-0.35,-0.18,1.05,1.12
12.781431198120117,-0.47,-0.24,0.88,1.02
12.782329082489014,-0.55,-0.31,0.73,0.96
12.798027038574219,-0.53,-0.38,0.56,0.85
12.854562282562256,-0.51,-0.4,0.41,0.76
12.85544204711914,-0.45,-0.41,0.27,0.66
12.868133068084717,-0.37,-0.43,0.16,0.58
12.868812084197998,-0.29,-0.41,0.09,0.51
12.883016109466553,-0.21,-0.35,0.0,0.4
12.883730173110962,-0.14,-0.33,-0.12,0.37
12.898215293884277,-0.19,-0.31,-0.19,0.41
12.898933172225952,-0.33,-0.28,-0.14,0.45
12.914549112319946,-0.43,-0.3,-0.11,0.53
12.915452003479004,-0.51,-0.37,-0.22,0.66
12.96844220161438,-0.58,-0.38,-0.36,0.78
12.969226121902466,-0.63,-0.35,-0.5,0.87
12.985239028930664,-0.69,-0.38,-0.65,1.02
12.985898971557617,-0.76,-0.34,-0.79,1.14
12.99988317489624,-0.8,-0.23,-0.88,1.21
13.000595092773438,-0.81,-0.19,-1.0,1.3
13.01520824432373,-0.73,-0.24,-1.16,1.39
13.01593828201294,-0.68,-0.27,-1.27,1.46
13.031301975250244,-0.69,-0.24,-1.44,1.61
13.032220125198364,-0.7,-0.2,-1.49,1.65
13.085528135299683,-0.71,-0.21,-1.5,1.67
13.08624815940857,-0.68,-0.26,-1.47,1.64
13.100048065185547,-0.6,-0.33,-1.45,1.6
13.100687980651855,-0.64,-0.35,-1.45,1.62
13.11646318435669,-0.74,-0.36,-1.33,1.56
13.117202281951904,-0.84,-0.39,-1.2,1.51
13.131486177444458,-0.93,-0.41,-1.15,1.53
13.132211208343506,-0.96,-0.44,-1.1,1.52
13.1479651927948,-0.96,-0.49,-1.05,1.5
13.148746967315674,-0.96,-0.46,-0.99,1.45
13.202398300170898,-0.95,-0.39,-0.86,1.33
13.20313024520874,-0.91,-0.33,-0.69,1.18
13.218024253845215,-0.83,-0.29,-0.57,1.04
13.21869421005249,-0.75,-0.23,-0.42,0.88
13.232892990112305,-0.64,-0.16,-0.13,0.67
13.233610153198242,-0.52,-0.11,0.2,0.56
13.248429298400879,-0.4,-0.08,0.52,0.66
13.249171257019043,-0.32,-0.01,0.78,0.84
13.264700174331665,-0.25,0.11,1.01,1.04
13.265603065490723,-0.31,0.19,1.32,1.36
13.318486213684082,-0.41,0.23,1.6,1.66
13.319233179092407,-0.51,0.23,1.8,1.88
13.335046291351318,-0.66,0.21,1.95,2.06
13.335675239562988,-0.85,0.22,2.05,2.23
13.349630117416382,-1.03,0.24,2.04,2.29
13.350367069244385,-1.18,0.21,2.01,2.34
13.364965200424194,-1.29,0.16,1.95,2.34
13.365583181381226,-1.4,0.17,1.87,2.34
13.380430221557617,-1.43,0.14,1.78,2.28
13.381275177001953,-1.34,0.07,1.63,2.11
13.434520244598389,-1.16,0.01,1.41,1.82
13.435266017913818,-0.99,-0.03,1.14,1.51
13.450179100036621,-0.87,-0.08,0.94,1.28
13.450867176055908,-0.74,-0.12,0.81,1.1
13.46606731414795,-0.64,-0.14,0.56,0.86
13.46681022644043,-0.56,-0.16,0.35,0.67
13.48168420791626,-0.5,-0.19,0.2,0.57
13.482355117797852,-0.46,-0.21,-0.02,0.5
13.498239040374756,-0.44,-0.25,-0.22,0.55
13.49912405014038,-0.38,-0.33,-0.49,0.7
13.552280187606812,-0.37,-0.37,-0.8,0.95
13.553011178970337,-0.4,-0.37,-1.06,1.19
13.567625045776367,-0.44,-0.39,-1.22,1.35
13.568272113800049,-0.49,-0.39,-1.33,1.47
13.582659244537354,-0.51,-0.36,-1.41,1.54
13.583386182785034,-0.39,-0.41,-1.55,1.65
13.597952127456665,-0.25,-0.46,-1.7,1.77
13.598704099655151,-0.14,-0.44,-1.79,1.84
13.614680290222168,-0.12,-0.38,-1.78,1.82
13.615608215332031,-0.17,-0.36,-1.79,1.83
13.670199155807495,-0.27,-0.37,-1.79,1.84
13.670955181121826,-0.4,-0.41,-1.6,1.69
13.685078144073486,-0.44,-0.5,-1.38,1.53
13.685741186141968,-0.48,-0.57,-1.24,1.44
13.699364185333252,-0.52,-0.64,-1.13,1.39
13.700102090835571,-0.64,-0.65,-0.94,1.3
13.714972972869873,-0.75,-0.59,-0.66,1.16
13.715710163116455,-0.88,-0.48,-0.53,1.13
13.731245040893555,-0.96,-0.4,-0.45,1.13
13.732065200805664,-0.97,-0.37,-0.3,1.08
13.747866153717041,-0.98,-0.37,-0.13,1.05
13.803868293762207,-0.98,-0.29,0.11,1.02
13.804551124572754,-0.92,-0.2,0.28,0.98
13.81753921508789,-0.84,-0.09,0.48,0.97
13.818178176879883,-0.77,0.05,0.72,1.05
13.833413124084473,-0.74,0.21,0.94,1.21
13.834151268005371,-0.7,0.34,1.16,1.39
13.848295211791992,-0.68,0.41,1.26,1.48
13.849040985107422,-0.6,0.43,1.41,1.59
13.864667177200317,-0.58,0.44,1.56,1.72
13.865577220916748,-0.65,0.5,1.59,1.78
13.919985294342041,-0.74,0.47,1.71,1.92
13.920781135559082,-0.79,0.34,1.83,2.02
13.934884071350098,-0.87,0.25,1.81,2.02
13.935511112213135,-0.94,0.17,1.74,1.98
13.94937801361084,-0.99,0.05,1.68,1.95
13.950119972229004,-1.03,-0.06,1.64,1.93
13.964692115783691,-1.08,-0.13,1.73,2.04
13.965407133102417,-1.13,-0.15,1.79,2.12
13.981375217437744,-1.14,-0.16,1.73,2.07
13.982278108596802,-1.04,-0.22,1.58,1.9
14.036034107208252,-0.92,-0.28,1.36,1.66
14.036849975585938,-0.85,-0.27,1.15,1.45
14.05199909210205,-0.77,-0.29,0.88,1.2
14.052683115005493,-0.67,-0.4,0.46,0.9
14.066153049468994,-0.63,-0.42,0.0,0.75
14.066888093948364,-0.67,-0.33,-0.19,0.77
14.081827163696289,-0.68,-0.22,-0.29,0.77
14.08247709274292,-0.54,-0.16,-0.57,0.8
14.09786319732666,-0.34,-0.17,-0.97,1.04
14.09876298904419,-0.15,-0.13,-1.2,1.21
14.152952194213867,-0.06,-0.08,-1.31,1.31
14.153768062591553,0.01,-0.07,-1.45,1.45
14.168349266052246,0.09,-0.11,-1.53,1.53
14.168994188308716,0.11,-0.19,-1.61,1.62
14.183127164840698,0.1,-0.23,-1.72,1.73
14.18384599685669,0.11,-0.29,-1.81,1.83
14.198300123214722,0.05,-0.34,-1.94,1.97
14.199028015136719,-0.05,-0.39,-2.04,2.07
14.214546203613281,-0.13,-0.48,-2.0,2.06
14.215447187423706,-0.2,-0.56,-1.96,2.04
14.268681049346924,-0.22,-0.6,-2.01,2.1
14.269482135772705,-0.23,-0.61,-1.85,1.96
14.284903049468994,-0.26,-0.61,-1.61,1.74
14.28554916381836,-0.35,-0.6,-1.41,1.57
14.299236297607422,-0.42,-0.57,-1.22,1.41
14.299954175949097,-0.47,-0.54,-1.03,1.25
14.314939975738525,-0.58,-0.48,-0.75,1.06
14.31567096710205,-0.62,-0.42,-0.41,0.85
14.331325054168701,-0.61,-0.41,-0.1,0.74
14.332218170166016,-0.57,-0.37,0.1,0.68
14.387914180755615,-0.56,-0.26,0.35,0.7
14.388720035552979,-0.62,-0.12,0.65,0.9
14.401500225067139,-0.67,0.02,0.95,1.16
14.402177095413208,-0.63,0.17,1.21,1.37
14.41617727279663,-0.54,0.31,1.55,1.67
14.416882991790771,-0.4,0.45,1.74,1.84
14.431480169296265,-0.19,0.51,1.74,1.82
14.432116031646729,-0.02,0.55,1.67,1.75
14.448055267333984,0.06,0.57,1.65,1.74
14.448917150497437,0.12,0.61,1.59,1.7
14.503704071044922,0.18,0.63,1.46,1.6
14.504491090774536,0.2,0.6,1.43,1.56
14.51875114440918,0.13,0.56,1.42,1.53
14.519376277923584,0.02,0.45,1.57,1.63
14.532601118087769,-0.08,0.28,1.59,1.61
14.533364295959473,-0.21,0.11,1.47,1.48
14.54820728302002,-0.33,-0.03,1.49,1.52
14.548945188522339,-0.38,-0.12,1.4,1.45
14.56466817855835,-0.34,-0.15,1.26,1.31
14.565550088882446,-0.24,-0.14,1.06,1.09
14.619507312774658,-0.12,-0.06,0.78,0.79
14.620293140411377,0.07,0.07,0.57,0.57
14.63489317893982,0.32,0.24,0.34,0.52
14.635554313659668,0.55,0.46,0.12,0.72
14.649576187133789,0.82,0.61,-0.09,1.02
14.65028715133667,1.11,0.66,-0.29,1.32
14.665003299713135,1.31,0.7,-0.48,1.56
14.665733098983765,1.43,0.75,-0.54,1.7
14.681072235107422,1.47,0.75,-0.56,1.74
14.681917190551758,1.42,0.72,-0.65,1.71
14.697721004486084,1.41,0.56,-0.7,1.67
14.755555152893066,1.38,0.32,-0.8,1.62
14.756440162658691,1.29,0.1,-0.98,1.62
14.766967296600342,1.15,-0.01,-1.12,1.6
14.767626285552979,0.94,-0.15,-1.15,1.49
14.782716274261475,0.73,-0.36,-1.19,1.44
14.783425092697144,0.61,-0.5,-1.22,1.45
14.798072099685669,0.55,-0.6,-1.26,1.5
14.798801183700562,0.54,-0.67,-1.3,1.55
14.814564228057861,0.55,-0.66,-1.28,1.54
14.815422058105469,0.53,-0.58,-1.23,1.45
14.87029218673706,0.53,-0.46,-1.21,1.39
14.87101697921753,0.66,-0.37,-1.19,1.41
14.884937286376953,0.7,-0.22,-1.14,1.35
14.885599136352539,0.74,-0.02,-0.99,1.23
14.899391174316406,0.76,0.15,-0.78,1.09
14.900090217590332,0.79,0.33,-0.49,0.98
14.9148850440979,0.81,0.47,-0.24,0.96
14.915590286254883,0.79,0.55,-0.01,0.96
14.930953025817871,0.77,0.6,0.22,1.0
14.931824207305908,0.73,0.61,0.41,1.03
14.987368106842041,0.7,0.64,0.64,1.14
14.988177299499512,0.66,0.68,0.77,1.22
15.001749992370605,0.67,0.72,0.81,1.27
15.002406120300293,0.64,0.76,0.82,1.28
15.015912055969238,0.65,0.76,0.85,1.31
15.016577243804932,0.7,0.76,0.84,1.33
15.031142234802246,0.79,0.8,0.87,1.42
15.03182601928711,0.86,0.83,0.97,1.53
15.047674179077148,0.87,0.91,1.01,1.61
15.048580169677734,0.84,0.98,1.07,1.67
15.10319209098816,0.77,0.99,1.13,1.68
15.103995084762573,0.68,0.96,1.19,1.67
15.118136167526245,0.61,0.88,1.26,1.65
15.118828296661377,0.57,0.78,1.27,1.59
15.132825136184692,0.49,0.7,1.31,1.56
15.133522987365723,0.33,0.66,1.37,1.55
15.148174285888672,0.23,0.67,1.35,1.52
15.148879051208496,0.18,0.64,1.26,1.42
15.164501190185547,0.21,0.58,1.13,1.28
15.165387153625488,0.34,0.5,0.96,1.13
15.220468997955322,0.51,0.49,0.72,1.0
15.221271991729736,0.65,0.54,0.57,1.01
15.234975099563599,0.76,0.6,0.38,1.04
15.23563814163208,0.92,0.63,0.13,1.12
15.24949312210083,1.06,0.6,-0.09,1.22
15.250236988067627,1.17,0.56,-0.32,1.33
15.264109134674072,1.27,0.54,-0.54,1.48
15.264829158782959,1.26,0.48,-0.71,1.52
15.281196117401123,1.17,0.41,-0.85,1.5
15.282098293304443,1.05,0.31,-0.94,1.44
15.338006019592285,0.94,0.18,-1.02,1.39
15.338805198669434,0.86,0.04,-1.19,1.46
15.351436138153076,0.82,-0.1,-1.31,1.54
15.352066040039062,0.74,-0.19,-1.31,1.51
15.36604619026184,0.64,-0.21,-1.28,1.44
15.36676025390625,0.59,-0.3,-1.31,1.46
15.38154411315918,0.57,-0.39,-1.35,1.51
15.382275104522705,0.55,-0.44,-1.31,1.48
15.3978431224823,0.5,-0.44,-1.29,1.45
15.398683071136475,0.52,-0.48,-1.13,1.33
15.454480171203613,0.53,-0.5,-1.05,1.27
15.455231189727783,0.5,-0.42,-0.93,1.13
15.46458101272583,0.45,-0.29,-0.66,0.84
15.465322971343994,0.43,-0.21,-0.49,0.68
15.479779243469238,0.41,-0.08,-0.4,0.57
15.480538129806519,0.4,0.1,-0.2,0.45
15.49563217163086,0.38,0.23,0.03,0.44
15.496397972106934,0.45,0.38,0.31,0.66
15.51202917098999,0.56,0.55,0.49,0.92
15.512925148010254,0.64,0.69,0.64,1.13
15.567782163619995,0.66,0.8,0.83,1.32
15.56853723526001,0.69,0.88,1.13,1.58
15.579522132873535,0.73,0.96,1.37,1.82
15.580111026763916,0.79,1.0,1.48,1.95
15.596105098724365,0.87,0.99,1.63,2.09
15.596781253814697,0.9,0.99,1.68,2.14
15.612555980682373,0.87,1.02,1.66,2.13
15.613292217254639,0.85,0.98,1.61,2.06
15.628899097442627,0.82,0.93,1.51,1.95
15.629778146743774,0.77,0.88,1.4,1.82
15.645654201507568,0.75,0.79,1.31,1.7
15.70347809791565,0.72,0.68,1.38,1.69
15.704424142837524,0.61,0.57,1.4,1.63
15.714136123657227,0.47,0.48,1.35,1.5
15.714753150939941,0.33,0.36,1.3,1.38
15.72968316078186,0.21,0.22,1.25,1.28
15.730400085449219,0.14,0.08,1.1,1.11
15.745917320251465,0.03,-0.06,0.97,0.97
15.746599197387695,-0.04,-0.17,0.9,0.91
15.762127161026001,0.03,-0.22,0.78,0.81
15.762947082519531,0.1,-0.21,0.47,0.52
15.817718982696533,0.15,-0.17,0.2,0.3
15.81846809387207,0.24,-0.15,0.04,0.28
15.830453157424927,0.32,-0.15,-0.14,0.38
15.831024169921875,0.42,-0.16,-0.42,0.61
15.846271991729736,0.56,-0.24,-0.75,0.96
15.846965312957764,0.66,-0.34,-1.07,1.3
15.861777305603027,0.67,-0.43,-1.28,1.5
15.862459182739258,0.59,-0.49,-1.41,1.6
15.878738164901733,0.45,-0.52,-1.56,1.7
15.879570007324219,0.28,-0.57,-1.57,1.69
15.935338020324707,0.17,-0.63,-1.61,1.73
15.9360990524292,0.07,-0.65,-1.64,1.76
15.947144985198975,0.06,-0.69,-1.55,1.69
15.947794198989868,0.13,-0.71,-1.57,1.72
15.96272897720337,0.16,-0.66,-1.58,1.71
15.963419198989868,0.17,-0.6,-1.44,1.56
15.978996276855469,0.18,-0.51,-1.27,1.38
15.979712009429932,0.17,-0.41,-1.12,1.2
15.995520114898682,0.11,-0.33,-0.91,0.97
15.996360301971436,0.0,-0.25,-0.61,0.65
16.05181908607483,-0.08,-0.15,-0.42,0.45
16.052568197250366,-0.06,-0.12,-0.32,0.34
16.06325101852417,-0.15,-0.15,-0.17,0.27
16.06390905380249,-0.24,-0.13,0.18,0.32
16.079389095306396,-0.31,-0.02,0.42,0.52
16.080049991607666,-0.34,0.07,0.52,0.62
16.095705032348633,-0.38,0.14,0.65,0.76
16.09638214111328,-0.39,0.2,0.82,0.92
16.11219310760498,-0.4,0.25,0.95,1.06
16.11293315887451,-0.4,0.25,1.1,1.19
16.169162273406982,-0.49,0.3,1.21,1.33
16.169913291931152,-0.55,0.34,1.29,1.44
16.180371284484863,-0.62,0.22,1.36,1.51
16.18098211288452,-0.7,0.1,1.39,1.55
16.19554901123047,-0.75,0.02,1.43,1.61
16.196279048919678,-0.81,-0.05,1.32,1.54
16.21240210533142,-0.87,-0.1,1.28,1.55
16.213080167770386,-0.84,-0.15,1.27,1.53
16.228684186935425,-0.76,-0.17,1.04,1.29
16.22945809364319,-0.7,-0.17,0.82,1.09
16.28460121154785,-0.64,-0.15,0.75,0.99
16.28531813621521,-0.61,-0.05,0.53,0.8
16.296634197235107,-0.55,0.02,0.27,0.61
16.29726505279541,-0.48,0.06,0.1,0.49
16.31266498565674,-0.45,0.12,0.0,0.46
16.313323974609375,-0.4,0.15,-0.06,0.43
16.32920503616333,-0.33,0.13,-0.15,0.38
16.32986831665039,-0.3,0.12,-0.18,0.36
16.345652103424072,-0.28,0.11,-0.23,0.37
16.346485137939453,-0.3,0.09,-0.3,0.43
16.403427124023438,-0.36,0.09,-0.29,0.47
16.40414810180664,-0.4,0.08,-0.32,0.51
16.41358518600464,-0.42,0.03,-0.39,0.57
16.414196968078613,-0.47,-0.05,-0.43,0.63
16.429506301879883,-0.51,-0.09,-0.49,0.71
16.430181980133057,-0.5,-0.14,-0.54,0.74
16.445770263671875,-0.47,-0.24,-0.64,0.82
16.44645118713379,-0.45,-0.28,-0.85,1.0
16.46202802658081,-0.44,-0.29,-0.96,1.09
16.462815284729004,-0.45,-0.29,-1.04,1.16
16.47889018058777,-0.44,-0.29,-1.24,1.34
16.537835121154785,-0.45,-0.27,-1.41,1.5
16.538726091384888,-0.47,-0.27,-1.49,1.58
16.546348094940186,-0.46,-0.3,-1.5,1.59
16.54693603515625,-0.4,-0.33,-1.42,1.51
16.56287431716919,-0.44,-0.3,-1.39,1.48
16.563555240631104,-0.51,-0.23,-1.19,1.31
16.579480171203613,-0.55,-0.24,-0.95,1.12
16.580154180526733,-0.57,-0.26,-0.81,1.02
16.595545291900635,-0.63,-0.23,-0.66,0.94
16.59638810157776,-0.7,-0.19,-0.43,0.84
16.653967142105103,-0.81,-0.15,-0.21,0.85
16.654747009277344,-0.87,-0.1,0.04,0.87
16.668476104736328,-0.85,-0.05,0.32,0.9
16.66911816596985,-0.77,-0.04,0.56,0.95
16.683448314666748,-0.69,0.02,0.86,1.1
16.684178113937378,-0.62,0.07,1.24,1.38
16.69848108291626,-0.57,0.16,1.47,1.58
16.69918727874756,-0.56,0.24,1.65,1.75
16.714601039886475,-0.6,0.26,1.88,1.99
16.715445041656494,-0.61,0.24,2.03,2.13
16.773705005645752,-0.63,0.24,1.99,2.1
16.774463176727295,-0.63,0.25,2.02,2.13
16.78449010848999,-0.59,0.28,2.01,2.11
16.785144090652466,-0.56,0.3,1.86,1.96
16.799057006835938,-0.56,0.28,1.75,1.85
16.79965829849243,-0.56,0.21,1.64,1.74
16.814457178115845,-0.57,0.14,1.45,1.56
16.815179109573364,-0.62,0.06,1.31,1.45
16.830870151519775,-0.7,-0.07,1.2,1.39
16.831735134124756,-0.83,-0.14,1.05,1.34
16.891537189483643,-0.93,-0.16,0.83,1.25
16.892316102981567,-0.93,-0.23,0.61,1.13
16.89628505706787,-0.9,-0.31,0.34,1.01
16.896872997283936,-0.81,-0.31,0.07,0.87
16.916051149368286,-0.67,-0.27,-0.09,0.72
16.916752099990845,-0.52,-0.26,-0.23,0.62
16.93109130859375,-0.4,-0.22,-0.49,0.66
16.931833267211914,-0.26,-0.16,-0.65,0.71
16.947519302368164,-0.24,-0.16,-0.79,0.84
16.948309183120728,-0.28,-0.15,-0.91,0.96
17.006956100463867,-0.28,-0.18,-0.99,1.04
17.007649183273315,-0.28,-0.24,-1.22,1.27
17.016326189041138,-0.35,-0.25,-1.39,1.45
17.016977310180664,-0.48,-0.24,-1.43,1.52
17.03240418434143,-0.55,-0.27,-1.49,1.61
17.033035278320312,-0.55,-0.34,-1.49,1.62
17.04793620109558,-0.56,-0.38,-1.56,1.7
17.048635005950928,-0.53,-0.39,-1.6,1.73
17.064001083374023,-0.48,-0.41,-1.53,1.65
17.064887046813965,-0.47,-0.45,-1.48,1.61
17.12498712539673,-0.43,-0.45,-1.47,1.59
17.12571620941162,-0.44,-0.43,-1.49,1.61
17.13138508796692,-0.53,-0.39,-1.45,1.59
17.132233142852783,-0.62,-0.4,-1.37,1.55
17.132827281951904,-0.65,-0.46,-1.26,1.49
17.133409023284912,-0.63,-0.47,-1.11,1.36
17.134002208709717,-0.71,-0.43,-0.98,1.28
17.134575128555298,-0.77,-0.38,-0.76,1.14
17.1351580619812,-0.81,-0.32,-0.47,0.98
17.135733127593994,-0.82,-0.25,-0.22,0.88
17.190989017486572,-0.76,-0.16,0.05,0.77
17.191730976104736,-0.69,-0.07,0.33,0.76
17.197466135025024,-0.67,0.05,0.64,0.92
17.198150157928467,-0.71,0.23,1.02,1.26
17.215925216674805,-0.77,0.37,1.44,1.67
17.216569185256958,-0.76,0.4,1.76,1.95
17.231223106384277,-0.74,0.39,1.94,2.11
17.231945991516113,-0.73,0.43,2.12,2.28
17.247979164123535,-0.76,0.49,2.38,2.54
17.248830318450928,-0.87,0.58,2.51,2.71
17.308741092681885,-0.94,0.61,2.52,2.75
17.309487104415894,-0.96,0.52,2.37,2.6
17.314810276031494,-0.95,0.38,2.12,2.35
17.332664966583252,-0.91,0.29,1.81,2.04
17.333388090133667,-0.85,0.2,1.47,1.7
17.34804916381836,-0.77,0.11,1.23,1.45
17.348766088485718,-0.74,0.07,0.92,1.18
17.363920211791992,-0.69,0.1,0.62,0.93
17.364734172821045,-0.66,0.11,0.37,0.76
17.381285190582275,-0.65,0.08,0.17,0.67
17.38212299346924,-0.62,0.02,-0.02,0.62
17.442280292510986,-0.59,-0.04,-0.2,0.62
17.442960262298584,-0.57,-0.13,-0.3,0.65
17.446553230285645,-0.58,-0.18,-0.36,0.7
17.46562099456787,-0.56,-0.23,-0.43,0.74
17.46635413169861,-0.53,-0.29,-0.49,0.77
17.481616973876953,-0.51,-0.39,-0.53,0.83
17.482346057891846,-0.54,-0.46,-0.64,0.95
17.496780157089233,-0.58,-0.48,-0.73,1.04
17.49751615524292,-0.59,-0.49,-0.84,1.13
17.514498233795166,-0.57,-0.49,-1.0,1.25
17.57670021057129,-0.49,-0.5,-1.1,1.3
17.57754898071289,-0.35,-0.49,-1.13,1.28
17.603087186813354,-0.21,-0.47,-1.24,1.34
17.603800296783447,-0.14,-0.38,-1.35,1.4
17.61689019203186,-0.14,-0.3,-1.3,1.34
17.617566108703613,-0.13,-0.29,-1.26,1.29
17.630386114120483,-0.13,-0.28,-1.25,1.28
17.631198167800903,-0.09,-0.3,-1.28,1.31
17.647287130355835,-0.08,-0.29,-1.32,1.35
17.64818000793457,-0.11,-0.25,-1.28,1.3
17.709582090377808,-0.18,-0.21,-1.16,1.19
17.710362195968628,-0.16,-0.2,-1.02,1.05
17.734631061553955,-0.1,-0.17,-0.94,0.96
17.73533010482788,-0.09,-0.17,-0.87,0.89
17.75028109550476,-0.16,-0.21,-0.71,0.75
17.750996112823486,-0.29,-0.24,-0.45,0.58
17.764420986175537,-0.38,-0.33,-0.28,0.57
17.765108108520508,-0.46,-0.41,-0.2,0.64
17.781238079071045,-0.51,-0.48,-0.15,0.71
17.782162189483643,-0.61,-0.49,-0.09,0.78
17.843670129776,-0.73,-0.42,0.03,0.84
17.844468116760254,-0.82,-0.27,0.17,0.87
17.867910146713257,-0.83,-0.12,0.26,0.87
17.86860227584839,-0.69,0.01,0.3,0.75
17.883362293243408,-0.4,0.1,0.41,0.58
17.884101152420044,-0.08,0.21,0.48,0.53
17.89805817604065,0.18,0.35,0.58,0.7
17.898731231689453,0.37,0.47,0.81,1.0
17.914284229278564,0.46,0.53,1.01,1.22
17.915135145187378,0.45,0.53,1.19,1.37
17.977525234222412,0.39,0.48,1.43,1.55
17.978305101394653,0.28,0.35,1.69,1.74
18.001049041748047,0.15,0.17,1.92,1.93
18.001784086227417,0.01,-0.01,2.11,2.11
18.01635718345642,-0.17,-0.15,2.34,2.35
18.017044067382812,-0.34,-0.23,2.53,2.56
18.031591176986694,-0.45,-0.25,2.63,2.67
18.032464027404785,-0.45,-0.24,2.54,2.59
18.04783821105957,-0.38,-0.21,2.28,2.32
18.048673152923584,-0.38,-0.14,2.08,2.11
18.11145305633545,-0.37,0.06,1.88,1.91
18.112242221832275,-0.21,0.24,1.57,1.6
18.134506225585938,0.03,0.3,1.09,1.13
18.135165214538574,0.29,0.38,0.66,0.81
18.15022325515747,0.57,0.45,0.29,0.78
18.150946140289307,0.8,0.53,-0.05,0.96
18.165085315704346,0.99,0.59,-0.36,1.2
18.165786266326904,1.13,0.68,-0.55,1.42
18.181182146072388,1.26,0.76,-0.75,1.65
18.182063102722168,1.36,0.77,-0.98,1.84
18.245318174362183,1.38,0.71,-1.14,1.92
18.246126174926758,1.32,0.6,-1.16,1.85
18.267652988433838,1.24,0.41,-1.2,1.77
18.26832103729248,1.17,0.22,-1.31,1.77
18.283651113510132,1.09,0.02,-1.45,1.81
18.28436017036438,0.98,-0.2,-1.54,1.83
18.29765224456787,0.79,-0.32,-1.55,1.76
18.298380136489868,0.63,-0.42,-1.45,1.63
18.314404010772705,0.48,-0.53,-1.37,1.54
18.315266132354736,0.42,-0.62,-1.29,1.49
18.37732696533203,0.5,-0.7,-1.28,1.54
18.378098011016846,0.59,-0.73,-1.35,1.64
18.401341199874878,0.67,-0.63,-1.31,1.6
18.402048110961914,0.77,-0.48,-1.15,1.46
18.417084217071533,0.86,-0.33,-1.05,1.39
18.417826175689697,0.89,-0.12,-0.96,1.31
18.431371212005615,0.94,0.05,-0.84,1.26
18.432061195373535,1.0,0.2,-0.74,1.26
18.447570085525513,1.01,0.36,-0.6,1.22
18.44845414161682,0.97,0.51,-0.33,1.14
18.464341163635254,0.91,0.61,-0.05,1.09
18.529935121536255,0.84,0.64,0.14,1.06
18.530792236328125,0.8,0.67,0.32,1.09
18.551269054412842,0.77,0.65,0.43,1.09
18.55188512802124,0.68,0.63,0.49,1.04
18.566269159317017,0.58,0.66,0.63,1.08
18.56692910194397,0.56,0.68,0.66,1.1
18.581714153289795,0.59,0.7,0.56,1.07
18.582404136657715,0.61,0.76,0.55,1.11
18.597416162490845,0.63,0.85,0.56,1.19
18.59830331802368,0.7,0.9,0.61,1.29
18.66275930404663,0.76,0.9,0.69,1.36
18.66344404220581,0.82,0.91,0.83,1.47
18.684704303741455,0.86,0.91,1.02,1.61
18.685328006744385,0.81,0.89,1.15,1.66
18.700200080871582,0.7,0.85,1.27,1.68
18.700955152511597,0.54,0.82,1.42,1.72
18.714423179626465,0.38,0.79,1.57,1.79
18.715144157409668,0.27,0.76,1.62,1.8
18.73116397857666,0.2,0.7,1.61,1.76
18.731990098953247,0.17,0.7,1.71,1.85
18.796672105789185,0.17,0.75,1.68,1.84
18.797397136688232,0.23,0.76,1.57,1.75
18.817500114440918,0.32,0.75,1.42,1.63
18.818120002746582,0.41,0.73,1.17,1.43
18.833288192749023,0.47,0.68,0.83,1.17
18.834017276763916,0.55,0.62,0.46,0.94
18.847999095916748,0.67,0.56,0.14,0.88
18.848692178726196,0.78,0.54,-0.22,0.97
18.86411428451538,0.85,0.53,-0.54,1.13
18.86498212814331,0.91,0.48,-0.73,1.26
18.92938804626465,0.93,0.38,-0.82,1.29
18.930150985717773,0.96,0.28,-0.93,1.36
18.95152997970581,0.96,0.18,-1.07,1.44
18.952131271362305,0.93,0.06,-1.12,1.45
18.966344118118286,0.88,-0.03,-1.15,1.44
18.967072010040283,0.83,-0.1,-1.17,1.43
18.981107234954834,0.79,-0.15,-1.19,1.43
18.98175621032715,0.8,-0.21,-1.17,1.43
18.99771213531494,0.84,-0.29,-1.19,1.48
18.998579025268555,0.86,-0.32,-1.26,1.55
19.06298017501831,0.85,-0.34,-1.2,1.5
19.063745975494385,0.85,-0.36,-1.12,1.45
19.08455228805542,0.84,-0.34,-1.14,1.45
19.08514714241028,0.83,-0.31,-1.03,1.35
19.0991473197937,0.79,-0.31,-0.85,1.2
19.09981417655945,0.75,-0.29,-0.71,1.07
19.114442110061646,0.69,-0.23,-0.54,0.9
19.115145206451416,0.65,-0.15,-0.33,0.74
19.130510091781616,0.6,-0.07,-0.08,0.6
19.131408214569092,0.51,0.02,0.15,0.53
19.19599199295044,0.46,0.11,0.39,0.61
19.196776151657104,0.48,0.24,0.59,0.79
19.218055248260498,0.56,0.38,0.76,1.01
19.218703269958496,0.68,0.53,0.86,1.21
19.233002185821533,0.8,0.68,1.0,1.44
19.233753204345703,0.88,0.8,1.18,1.67
19.247770309448242,0.93,0.92,1.27,1.82
19.248486042022705,0.92,1.05,1.32,1.92
19.26430320739746,0.85,1.13,1.4,1.98
19.26518416404724,0.78,1.14,1.53,2.06
19.330825090408325,0.69,1.08,1.61,2.05
19.33160710334778,0.62,1.0,1.64,2.01
19.35133409500122,0.54,0.92,1.72,2.02
19.351994037628174,0.42,0.83,1.77,1.99
19.366156101226807,0.31,0.71,1.8,1.95
19.366863250732422,0.24,0.54,1.75,1.84
19.381376266479492,0.2,0.36,1.59,1.64
19.382071018218994,0.12,0.23,1.34,1.36
19.397377967834473,-0.01,0.15,1.09,1.1
19.398224115371704,-0.08,0.09,0.83,0.83
19.464492082595825,-0.05,0.02,0.52,0.52
19.465296268463135,0.03,-0.04,0.2,0.2
19.48464012145996,0.2,-0.1,-0.14,0.26
19.48527431488037,0.35,-0.17,-0.47,0.61
19.499452114105225,0.49,-0.19,-0.65,0.83
19.500185012817383,0.61,-0.16,-0.78,1.0
19.514270305633545,0.7,-0.13,-0.99,1.21
19.514952182769775,0.75,-0.11,-1.15,1.37
19.529958248138428,0.73,-0.11,-1.27,1.46
19.530731201171875,0.69,-0.16,-1.33,1.5
19.547566175460815,0.62,-0.25,-1.39,1.54
19.616547107696533,0.55,-0.37,-1.52,1.65
19.61741614341736,0.5,-0.5,-1.61,1.75
19.634618282318115,0.48,-0.59,-1.62,1.78
19.635199069976807,0.4,-0.59,-1.64,1.78
19.649229049682617,0.34,-0.59,-1.5,1.64
19.6499080657959,0.32,-0.61,-1.34,1.5
19.664040088653564,0.31,-0.61,-1.29,1.46
19.66471219062805,0.33,-0.58,-1.12,1.3
19.680674076080322,0.36,-0.54,-0.93,1.13
19.681580066680908,0.42,-0.48,-0.68,0.93
19.74819016456604,0.44,-0.4,-0.45,0.74
19.74900722503662,0.38,-0.32,-0.21,0.53
19.767942190170288,0.33,-0.25,0.12,0.43
19.76861310005188,0.31,-0.2,0.31,0.48
19.78372621536255,0.28,-0.14,0.44,0.54
19.7844500541687,0.21,-0.04,0.69,0.72
19.797945976257324,0.08,0.05,0.94,0.94
19.798678159713745,0.02,0.15,1.24,1.24
19.814040184020996,0.03,0.23,1.44,1.45
19.814841270446777,0.03,0.3,1.57,1.59
19.883031129837036,-0.02,0.4,1.83,1.87
19.883816242218018,-0.15,0.48,2.01,2.07
19.900794982910156,-0.26,0.53,2.12,2.2
19.901482105255127,-0.38,0.54,2.14,2.23
19.916218280792236,-0.49,0.49,2.11,2.22
19.916938304901123,-0.6,0.45,2.02,2.15
19.931087017059326,-0.68,0.37,1.91,2.06
19.931799173355103,-0.69,0.23,1.8,1.94
19.9466552734375,-0.65,0.12,1.62,1.74
19.94753909111023,-0.61,0.07,1.29,1.42
20.012940168380737,-0.58,-0.01,1.07,1.21
20.01372218132019,-0.57,-0.11,0.86,1.03
20.033542156219482,-0.57,-0.21,0.58,0.83
20.03412628173828,-0.51,-0.24,0.28,0.62
20.048349142074585,-0.44,-0.26,-0.05,0.51
20.049072265625,-0.4,-0.27,-0.33,0.58
20.064330101013184,-0.33,-0.28,-0.55,0.69
20.065017223358154,-0.27,-0.28,-0.74,0.83
20.08055305480957,-0.18,-0.26,-0.94,0.99
20.081454277038574,-0.14,-0.24,-1.07,1.1
20.148348093032837,-0.22,-0.25,-1.11,1.15
20.14908504486084,-0.27,-0.24,-1.11,1.16
20.16669011116028,-0.26,-0.27,-1.19,1.24
20.167306184768677,-0.33,-0.32,-1.28,1.36
20.182668209075928,-0.42,-0.3,-1.33,1.42
20.183340072631836,-0.5,-0.28,-1.33,1.44
20.1977481842041,-0.51,-0.33,-1.39,1.51
20.198419094085693,-0.55,-0.35,-1.48,1.61
20.213881969451904,-0.59,-0.31,-1.44,1.58
20.214715003967285,-0.6,-0.32,-1.44,1.59
20.281098127365112,-0.64,-0.33,-1.45,1.61
20.281877040863037,-0.68,-0.32,-1.32,1.51
20.3184711933136,-0.71,-0.38,-1.17,1.42
20.319310188293457,-0.74,-0.46,-1.13,1.42
20.327047109603882,-0.74,-0.49,-1.06,1.38
20.327811241149902,-0.76,-0.5,-0.98,1.33
20.34670400619507,-0.79,-0.5,-0.81,1.23
20.347486972808838,-0.81,-0.48,-0.75,1.2
20.36262607574463,-0.85,-0.42,-0.77,1.22
20.363508224487305,-0.93,-0.33,-0.7,1.2
20.43244504928589,-0.99,-0.2,-0.55,1.15
20.433242082595825,-0.98,-0.13,-0.39,1.06
20.45106816291809,-0.87,-0.07,-0.21,0.89
20.451711177825928,-0.76,0.01,-0.08,0.76
20.466841220855713,-0.6,0.07,0.1,0.61
20.46757221221924,-0.47,0.16,0.28,0.57
20.48099708557129,-0.45,0.27,0.47,0.7
20.481728076934814,-0.47,0.34,0.75,0.94
20.497875213623047,-0.49,0.39,1.0,1.17
20.498733043670654,-0.47,0.39,1.16,1.31
20.566317081451416,-0.44,0.36,1.28,1.4
20.567020177841187,-0.44,0.29,1.28,1.38
20.58436417579651,-0.42,0.27,1.39,1.47
20.585024118423462,-0.49,0.28,1.46,1.56
20.599675178527832,-0.59,0.29,1.5,1.63
20.600399017333984,-0.69,0.27,1.57,1.73
20.61463713645935,-0.79,0.25,1.55,1.75
20.615320205688477,-0.88,0.19,1.51,1.75
20.630743980407715,-0.95,0.13,1.45,1.73
20.63153314590454,-0.95,0.07,1.37,1.66
20.647082090377808,-0.89,0.01,1.26,1.54
20.71533727645874,-0.83,0.03,1.18,1.44
20.71622323989868,-0.74,0.1,1.11,1.33
20.734337091445923,-0.62,0.12,1.0,1.18
20.73498821258545,-0.56,0.12,0.84,1.01
20.749054193496704,-0.52,0.13,0.72,0.89
20.74975299835205,-0.48,0.11,0.53,0.72
20.764227151870728,-0.47,0.03,0.26,0.53
20.76494026184082,-0.43,-0.05,-0.02,0.43
20.78060007095337,-0.39,-0.11,-0.29,0.49
20.781455993652344,-0.39,-0.14,-0.55,0.68
20.84863018989563,-0.38,-0.18,-0.8,0.9
20.849403142929077,-0.31,-0.19,-1.05,1.11
20.8679780960083,-0.31,-0.18,-1.22,1.27
20.868603229522705,-0.4,-0.17,-1.34,1.4
20.88307523727417,-0.43,-0.2,-1.38,1.45
20.883799076080322,-0.43,-0.26,-1.42,1.5
20.89770221710205,-0.41,-0.32,-1.42,1.51
20.898354053497314,-0.4,-0.35,-1.43,1.52
20.913912296295166,-0.41,-0.37,-1.36,1.46
20.914807319641113,-0.39,-0.4,-1.25,1.36
20.980858087539673,-0.49,-0.35,-1.19,1.33
20.98164415359497,-0.63,-0.29,-1.03,1.24
21.00109624862671,-0.74,-0.32,-0.89,1.2
21.001785278320312,-0.75,-0.41,-0.84,1.19
21.016358137130737,-0.81,-0.47,-0.78,1.21
21.017051219940186,-0.92,-0.43,-0.67,1.21
21.03116798400879,-1.04,-0.38,-0.54,1.23
21.03186798095703,-1.1,-0.37,-0.41,1.23
21.04723024368286,-1.11,-0.36,-0.34,1.21
21.048095226287842,-1.09,-0.29,-0.26,1.15
21.116281032562256,-1.04,-0.22,-0.24,1.08
21.117061138153076,-0.9,-0.16,-0.1,0.91
21.13410997390747,-0.7,-0.07,-0.01,0.7
21.134796142578125,-0.54,0.07,0.07,0.54
21.150103092193604,-0.41,0.19,0.28,0.53
21.15081214904785,-0.3,0.28,0.49,0.63
21.164233207702637,-0.28,0.38,0.68,0.82
21.164934158325195,-0.32,0.42,0.87,1.01
21.180663108825684,-0.41,0.38,0.98,1.12
21.181549072265625,-0.57,0.3,1.11,1.28
21.248152256011963,-0.71,0.22,1.3,1.49
21.24895429611206,-0.84,0.16,1.34,1.58
21.267741203308105,-0.92,0.12,1.32,1.61
21.268421173095703,-0.98,0.09,1.31,1.63
21.282287120819092,-0.97,0.05,1.28,1.6
21.28301429748535,-0.92,0.06,1.16,1.48
21.297794103622437,-0.83,0.11,1.01,1.31
21.29848003387451,-0.69,0.13,0.91,1.14
21.314061164855957,-0.58,0.14,0.79,0.99
21.314939975738525,-0.48,0.16,0.74,0.89
21.38278102874756,-0.42,0.21,0.67,0.81
21.38356924057007,-0.43,0.22,0.65,0.8
21.401000022888184,-0.45,0.15,0.74,0.87
21.401693105697632,-0.48,0.05,0.77,0.9
21.416547298431396,-0.51,-0.05,0.76,0.91
21.417267084121704,-0.58,-0.15,0.74,0.95
21.43083906173706,-0.66,-0.23,0.73,1.01
21.431552171707153,-0.76,-0.25,0.63,1.01
21.44737720489502,-0.87,-0.29,0.47,1.03
21.44823908805847,-0.85,-0.35,0.37,0.99
21.51548409461975,-0.79,-0.35,0.17,0.88
21.516201972961426,-0.7,-0.32,-0.04,0.77
21.53420400619507,-0.63,-0.31,-0.22,0.73
21.534878253936768,-0.55,-0.29,-0.43,0.75
21.549609184265137,-0.45,-0.26,-0.63,0.81
21.55028510093689,-0.35,-0.24,-0.83,0.93
21.564898014068604,-0.23,-0.24,-0.97,1.02
21.56553030014038,-0.15,-0.2,-1.11,1.13
21.580533027648926,-0.14,-0.13,-1.19,1.2
21.58131504058838,-0.26,-0.06,-1.19,1.21
21.64900016784668,-0.26,-0.11,-1.2,1.23
21.64976215362549,-0.22,-0.19,-1.29,1.32
21.66751003265381,-0.23,-0.25,-1.33,1.37
21.66816210746765,-0.24,-0.33,-1.25,1.31
21.683372020721436,-0.19,-0.45,-1.24,1.33
21.684121131896973,-0.2,-0.5,-1.28,1.38
21.697896003723145,-0.22,-0.49,-1.27,1.37
21.698583126068115,-0.25,-0.46,-1.19,1.3
21.71449112892151,-0.33,-0.41,-1.11,1.22
21.715338230133057,-0.41,-0.36,-0.87,1.02
21.783313274383545,-0.46,-0.33,-0.65,0.86
21.784121990203857,-0.47,-0.32,-0.58,0.81
21.801226139068604,-0.44,-0.27,-0.41,0.65
21.801895141601562,-0.39,-0.22,-0.24,0.5
21.816588163375854,-0.31,-0.21,-0.05,0.37
21.817302227020264,-0.25,-0.18,0.19,0.36
21.831054210662842,-0.18,-0.12,0.33,0.39
21.831794261932373,-0.14,-0.06,0.51,0.53
21.847393035888672,-0.18,0.01,0.79,0.81
21.848286151885986,-0.3,0.07,1.08,1.12
21.91540217399597,-0.4,0.11,1.23,1.29
21.916149139404297,-0.38,0.13,1.32,1.37
21.934192180633545,-0.31,0.12,1.26,1.3
21.934898138046265,-0.29,0.09,1.2,1.23
21.94923710823059,-0.19,0.06,1.24,1.25
21.94997215270996,-0.05,0.08,1.14,1.14
21.964159965515137,0.09,0.13,0.97,0.98
21.96487522125244,0.13,0.19,0.86,0.89
21.980905055999756,0.16,0.24,0.83,0.87
21.981746196746826,0.2,0.31,0.84,0.91
22.0502290725708,0.24,0.35,0.76,0.87
22.051026105880737,0.3,0.33,0.67,0.8
22.067846298217773,0.31,0.3,0.68,0.8
22.068408966064453,0.27,0.3,0.72,0.82
22.082544088363647,0.2,0.3,0.78,0.85
22.083208084106445,0.15,0.25,0.84,0.88
22.097215175628662,0.13,0.16,0.84,0.86
22.097836017608643,0.17,0.04,0.8,0.81
22.11369514465332,0.15,0.0,0.72,0.73
22.11457920074463,0.16,-0.04,0.71,0.72
22.13080406188965,0.23,-0.08,0.53,0.58
22.200310230255127,0.31,-0.05,0.34,0.46
22.201197147369385,0.4,0.03,0.17,0.43
22.2176833152771,0.5,0.1,-0.1,0.51
22.218361139297485,0.58,0.19,-0.32,0.68
22.233164310455322,0.64,0.28,-0.51,0.86
22.233880043029785,0.72,0.35,-0.68,1.05
22.246650218963623,0.83,0.4,-0.81,1.22
22.247389316558838,0.87,0.42,-0.86,1.29
22.26432228088379,0.86,0.37,-0.91,1.3
22.26516628265381,0.87,0.27,-0.88,1.26
22.332802295684814,0.92,0.12,-0.83,1.24
22.333563089370728,0.88,0.01,-0.9,1.25
22.351025104522705,0.77,-0.04,-0.91,1.19
22.351688146591187,0.65,-0.16,-0.84,1.07
22.366466999053955,0.56,-0.29,-0.91,1.1
22.367207050323486,0.44,-0.35,-0.97,1.12
22.38099217414856,0.39,-0.42,-0.93,1.09
22.381717205047607,0.37,-0.5,-0.98,1.16
22.397467136383057,0.41,-0.5,-1.03,1.21
22.398283004760742,0.48,-0.44,-0.99,1.18
22.46695113182068,0.51,-0.34,-0.97,1.14
22.4677152633667,0.53,-0.27,-0.88,1.06
22.484172105789185,0.58,-0.24,-0.74,0.97
22.48486614227295,0.64,-0.16,-0.68,0.94
22.49906826019287,0.72,-0.05,-0.62,0.95
22.499778270721436,0.77,0.03,-0.42,0.87
22.514369010925293,0.81,0.15,-0.16,0.83
22.51508903503418,0.82,0.28,0.05,0.86
22.53062105178833,0.86,0.39,0.24,0.97
22.531488180160522,0.83,0.47,0.38,1.02
22.598204135894775,0.76,0.57,0.59,1.11
22.598994255065918,0.66,0.67,0.7,1.17
22.617372035980225,0.61,0.72,0.75,1.2
22.61806631088257,0.62,0.73,0.82,1.26
22.632543087005615,0.6,0.8,0.85,1.31
22.633228302001953,0.6,0.93,0.92,1.43
22.64759397506714,0.6,1.04,1.05,1.59
22.6482572555542,0.53,1.14,1.17,1.71
22.66376304626465,0.47,1.19,1.31,1.83
22.66463613510132,0.41,1.16,1.43,1.88
22.734734058380127,0.36,1.09,1.46,1.85
22.73548412322998,0.37,1.01,1.46,1.81
22.75074815750122,0.35,0.93,1.44,1.74
22.75141716003418,0.3,0.86,1.43,1.69
22.76555824279785,0.27,0.75,1.31,1.53
22.7662672996521,0.31,0.63,1.21,1.39
22.780696153640747,0.35,0.54,1.07,1.24
22.781360149383545,0.39,0.5,0.93,1.12
22.7971830368042,0.43,0.45,0.74,0.96
22.798067092895508,0.44,0.36,0.48,0.74
22.866177082061768,0.47,0.25,0.26,0.59
22.866948127746582,0.47,0.16,-0.03,0.49
22.884140014648438,0.46,0.09,-0.3,0.55
22.884724140167236,0.46,0.04,-0.47,0.65
22.899643182754517,0.44,0.05,-0.68,0.81
22.900368213653564,0.43,0.07,-0.82,0.92
22.914064168930054,0.45,0.1,-0.89,1.0
22.91479516029358,0.5,0.13,-1.01,1.13
22.930609226226807,0.56,0.14,-1.09,1.23
22.931498050689697,0.64,0.13,-1.13,1.3
22.999852180480957,0.7,0.11,-1.19,1.38
23.000576972961426,0.7,0.13,-1.19,1.38
23.017899990081787,0.71,0.12,-1.1,1.31
23.018502235412598,0.69,0.12,-1.04,1.25
23.01910924911499,0.67,0.11,-1.0,1.2
23.032986164093018,0.66,0.05,-0.87,1.09
23.0337131023407,0.62,-0.01,-0.75,0.97
23.047670125961304,0.53,-0.02,-0.65,0.83
23.04840111732483,0.46,-0.01,-0.51,0.68
23.063730239868164,0.42,0.0,-0.43,0.6
23.131436109542847,0.37,0.01,-0.38,0.53
23.132336139678955,0.4,-0.01,-0.26,0.47
23.15084218978882,0.46,0.0,-0.19,0.49
23.15151619911194,0.52,0.08,-0.06,0.52
23.16647219657898,0.58,0.16,0.13,0.61
23.16719913482666,0.59,0.22,0.38,0.73
23.181068181991577,0.58,0.33,0.51,0.83
23.181814193725586,0.53,0.45,0.67,0.96
23.197111129760742,0.52,0.53,0.87,1.14
23.197986125946045,0.49,0.6,0.97,1.24
23.213937282562256,0.44,0.68,1.01,1.29
23.284577131271362,0.43,0.78,1.05,1.37
23.285476207733154,0.42,0.87,1.11,1.47
23.301040172576904,0.39,0.91,1.19,1.54
23.301702976226807,0.47,0.9,1.31,1.65
23.31591010093689,0.53,0.88,1.31,1.66
23.316627979278564,0.54,0.86,1.35,1.68
23.330754280090332,0.56,0.8,1.39,1.69
23.331490993499756,0.58,0.72,1.34,1.62
23.34718132019043,0.57,0.68,1.32,1.59
23.34808611869812,0.51,0.65,1.24,1.49
23.415071964263916,0.45,0.55,1.09,1.3
23.41584825515747,0.46,0.4,0.92,1.1
23.43501901626587,0.46,0.28,0.7,0.88
23.435606002807617,0.45,0.25,0.54,0.74
23.44991397857666,0.5,0.23,0.33,0.64
23.45066809654236,0.55,0.22,0.05,0.59
23.46431303024292,0.64,0.2,-0.15,0.68
23.46505618095398,0.7,0.17,-0.38,0.81
23.480435132980347,0.73,0.13,-0.57,0.93
23.481348991394043,0.79,0.08,-0.69,1.05
23.549769163131714,0.82,0.1,-0.91,1.22
23.550547122955322,0.81,0.11,-1.07,1.34
23.56738018989563,0.77,0.05,-1.07,1.31
23.56798815727234,0.74,-0.03,-1.14,1.35
23.582406044006348,0.71,-0.07,-1.26,1.44
23.58312225341797,0.71,-0.11,-1.15,1.35
23.597439289093018,0.69,-0.19,-1.13,1.33
23.598144054412842,0.62,-0.22,-1.15,1.32
23.61375117301941,0.53,-0.23,-1.07,1.21
23.61466121673584,0.44,-0.27,-0.99,1.11
23.68172812461853,0.43,-0.35,-0.96,1.1
23.68245220184326,0.41,-0.35,-0.92,1.06
23.701049089431763,0.41,-0.33,-0.77,0.93
23.701654195785522,0.41,-0.31,-0.62,0.8
23.715103149414062,0.47,-0.31,-0.52,0.76
23.715768098831177,0.49,-0.25,-0.5,0.74
23.730504035949707,0.47,-0.12,-0.29,0.56
23.73119831085205,0.47,0.01,-0.02,0.47
23.747076988220215,0.46,0.09,0.17,0.49
23.74793815612793,0.48,0.16,0.36,0.62
23.81623911857605,0.52,0.21,0.52,0.76
23.816987991333008,0.52,0.27,0.64,0.86
23.833957195281982,0.54,0.37,0.85,1.07
23.834617137908936,0.56,0.46,1.09,1.3
23.84960412979126,0.62,0.5,1.24,1.47
23.85033416748047,0.72,0.54,1.3,1.58
23.864042282104492,0.75,0.55,1.3,1.59
23.864694118499756,0.68,0.56,1.38,1.63
23.880370140075684,0.55,0.59,1.47,1.67
23.88122797012329,0.36,0.56,1.5,1.64
23.949555158615112,0.16,0.46,1.53,1.6
23.950350284576416,0.02,0.33,1.46,1.49
23.968200206756592,-0.14,0.21,1.32,1.34
23.96881103515625,-0.25,0.1,1.27,1.29
23.982343196868896,-0.3,0.0,1.24,1.27
23.983088970184326,-0.32,-0.06,1.19,1.23
23.9970440864563,-0.31,-0.09,1.18,1.22
23.997770309448242,-0.29,-0.14,1.14,1.18
24.013575077056885,-0.2,-0.17,1.07,1.1
24.014479160308838,-0.14,-0.19,0.91,0.94
24.08216428756714,-0.1,-0.22,0.66,0.7
24.082935094833374,-0.05,-0.24,0.42,0.48
24.09982919692993,-0.02,-0.24,0.21,0.31
24.10041117668152,-0.03,-0.18,-0.02,0.18
24.11550521850586,-0.02,-0.16,-0.26,0.3
24.116234302520752,-0.06,-0.23,-0.45,0.5
24.130496978759766,-0.1,-0.28,-0.6,0.66
24.131203174591064,-0.09,-0.29,-0.77,0.82
24.14701008796692,-0.07,-0.32,-0.95,1.0
24.147890090942383,-0.09,-0.33,-0.99,1.04
24.214903116226196,-0.12,-0.36,-1.02,1.08
24.215635299682617,-0.12,-0.4,-1.11,1.18
24.233030319213867,-0.08,-0.48,-1.23,1.32
24.23372507095337,-0.14,-0.53,-1.35,1.45
24.24871301651001,-0.25,-0.49,-1.38,1.48
24.249436140060425,-0.33,-0.48,-1.44,1.55
24.262928009033203,-0.35,-0.47,-1.54,1.64
24.263611316680908,-0.32,-0.45,-1.51,1.6
24.278419971466064,-0.31,-0.43,-1.49,1.58
24.279263019561768,-0.34,-0.42,-1.39,1.49
24.295111179351807,-0.38,-0.36,-1.16,1.27
24.36377215385437,-0.46,-0.29,-1.05,1.18
24.364633083343506,-0.56,-0.28,-0.92,1.11
24.384299278259277,-0.71,-0.31,-0.78,1.09
24.384940147399902,-0.86,-0.31,-0.65,1.12
24.398958206176758,-0.97,-0.32,-0.48,1.12
24.399604320526123,-1.01,-0.3,-0.25,1.08
24.41383123397827,-0.97,-0.27,-0.11,1.01
24.41457509994507,-0.82,-0.22,0.02,0.84
24.430318117141724,-0.69,-0.15,0.17,0.72
24.43119525909424,-0.64,-0.07,0.41,0.76
24.49975299835205,-0.64,0.05,0.66,0.92
24.500504970550537,-0.68,0.17,0.72,1.0
24.51698112487793,-0.69,0.22,0.92,1.17
24.51767110824585,-0.75,0.25,1.05,1.31
24.532652139663696,-0.8,0.29,1.12,1.4
24.533369064331055,-0.79,0.26,1.27,1.51
24.547410011291504,-0.77,0.2,1.26,1.49
24.548084259033203,-0.77,0.18,1.16,1.4
24.563815116882324,-0.81,0.11,1.16,1.41
24.56461524963379,-0.85,0.03,1.04,1.34
24.633560180664062,-0.84,-0.01,0.76,1.13
24.634353160858154,-0.87,0.01,0.51,1.0
24.650657176971436,-0.92,0.04,0.43,1.01
24.651339054107666,-0.94,0.08,0.41,1.02
24.665443181991577,-0.88,0.16,0.38,0.97
24.666168212890625,-0.74,0.18,0.4,0.86
24.680813312530518,-0.63,0.17,0.46,0.79
24.68154811859131,-0.59,0.12,0.57,0.82
24.6971492767334,-0.56,0.04,0.62,0.83
24.69800615310669,-0.55,-0.06,0.52,0.75
24.764194011688232,-0.6,-0.13,0.39,0.72
24.764990091323853,-0.7,-0.15,0.29,0.77
24.78376007080078,-0.78,-0.17,0.19,0.82
24.784428119659424,-0.89,-0.15,0.0,0.9
24.798877239227295,-0.96,-0.11,-0.16,0.97
24.79961109161377,-0.9,-0.1,-0.29,0.95
24.81338596343994,-0.79,-0.1,-0.44,0.9
24.814051151275635,-0.69,-0.09,-0.61,0.92
24.83027219772339,-0.6,-0.09,-0.66,0.89
24.83109211921692,-0.52,-0.1,-0.67,0.85
24.897176265716553,-0.47,-0.14,-0.74,0.88
24.897953033447266,-0.47,-0.2,-0.86,1.0
24.91739511489868,-0.52,-0.28,-0.91,1.08
24.91807222366333,-0.58,-0.32,-0.9,1.11
24.932507038116455,-0.64,-0.36,-0.89,1.15
24.933256149291992,-0.68,-0.41,-0.91,1.2
24.947566986083984,-0.66,-0.47,-0.94,1.24
24.948307991027832,-0.65,-0.55,-0.98,1.29
24.963566303253174,-0.68,-0.6,-0.98,1.33
24.964359283447266,-0.71,-0.55,-0.92,1.28
25.0299232006073,-0.75,-0.52,-0.85,1.24
25.030710220336914,-0.77,-0.54,-0.76,1.2
25.050547122955322,-0.71,-0.52,-0.6,1.06
25.05121898651123,-0.67,-0.46,-0.45,0.92
25.06657910346985,-0.65,-0.35,-0.26,0.78
25.067315101623535,-0.62,-0.28,-0.04,0.68
25.08067798614502,-0.61,-0.22,0.11,0.65
25.081418991088867,-0.66,-0.12,0.23,0.7
25.09713912010193,-0.73,-0.05,0.45,0.85
25.098036289215088,-0.77,-0.03,0.59,0.97
25.164936065673828,-0.79,-0.01,0.72,1.06
25.165739059448242,-0.85,0.04,0.89,1.23
25.183988094329834,-0.87,0.1,1.09,1.39
25.184643268585205,-0.9,0.18,1.2,1.51
25.199596166610718,-0.93,0.21,1.27,1.58
25.200331211090088,-0.98,0.19,1.34,1.67
25.214581966400146,-1.03,0.23,1.34,1.7
25.21526002883911,-1.05,0.21,1.3,1.68
25.231426239013672,-1.05,0.16,1.29,1.67
25.23408603668213,-1.0,0.11,1.25,1.6
25.301664113998413,-0.92,0.08,1.16,1.48
25.302435159683228,-0.85,0.04,1.11,1.39
25.31702423095703,-0.79,0.0,1.07,1.33
25.31767511367798,-0.69,-0.09,1.03,1.24
25.33295512199402,-0.59,-0.16,0.89,1.07
25.33366823196411,-0.52,-0.16,0.73,0.91
25.34732723236084,-0.52,-0.17,0.66,0.85
25.347973108291626,-0.56,-0.12,0.55,0.79
25.363630294799805,-0.59,-0.09,0.39,0.71
25.364480018615723,-0.59,-0.12,0.24,0.64
25.380144119262695,-0.59,-0.16,0.09,0.61
25.447195053100586,-0.57,-0.18,-0.05,0.59
25.448050022125244,-0.53,-0.22,-0.14,0.59
25.46699810028076,-0.5,-0.27,-0.19,0.59
25.467554092407227,-0.52,-0.22,-0.2,0.59
25.482177257537842,-0.46,-0.17,-0.11,0.5
25.48291826248169,-0.39,-0.18,-0.09,0.43
25.497218132019043,-0.34,-0.17,-0.21,0.43
25.497854232788086,-0.33,-0.16,-0.29,0.46
25.513482093811035,-0.4,-0.21,-0.39,0.59
25.514377117156982,-0.52,-0.28,-0.46,0.74
25.58114218711853,-0.61,-0.31,-0.6,0.91
25.581960201263428,-0.65,-0.36,-0.82,1.1
25.60123109817505,-0.66,-0.43,-0.98,1.25
25.601911067962646,-0.62,-0.47,-1.09,1.33
25.615605115890503,-0.51,-0.47,-1.23,1.41
25.61624813079834,-0.42,-0.45,-1.36,1.49
25.630508184432983,-0.38,-0.44,-1.37,1.48
25.63122320175171,-0.34,-0.4,-1.31,1.41
25.646782159805298,-0.34,-0.4,-1.34,1.43
25.647480964660645,-0.34,-0.44,-1.27,1.38
25.711968183517456,-0.32,-0.47,-1.2,1.32
25.712740182876587,-0.33,-0.51,-1.18,1.32
25.733723163604736,-0.42,-0.47,-1.09,1.25
25.734353065490723,-0.59,-0.41,-0.91,1.15
25.74902319908142,-0.71,-0.43,-0.67,1.06
25.7497501373291,-0.73,-0.48,-0.48,0.99
25.76400899887085,-0.69,-0.43,-0.38,0.89
25.764727115631104,-0.59,-0.39,-0.17,0.72
25.78039026260376,-0.47,-0.34,0.07,0.58
25.781301021575928,-0.34,-0.28,0.31,0.53
25.84722113609314,-0.22,-0.19,0.45,0.53
25.847931146621704,-0.13,-0.02,0.54,0.55
25.867220163345337,-0.04,0.11,0.7,0.7
25.867915153503418,0.03,0.17,0.79,0.8
25.8822340965271,0.05,0.26,0.81,0.85
25.882904052734375,0.05,0.34,0.85,0.91
25.89728307723999,0.02,0.37,0.97,1.03
25.897966146469116,0.0,0.38,1.09,1.15
25.913345098495483,-0.03,0.41,1.16,1.23
25.91417908668518,-0.03,0.4,1.3,1.36
25.978678226470947,-0.01,0.33,1.43,1.46
25.979430198669434,0.06,0.3,1.44,1.47
26.00044822692871,0.11,0.32,1.48,1.51
26.001107215881348,0.13,0.31,1.55,1.58
26.01555299758911,0.18,0.26,1.48,1.51
26.016273021697998,0.24,0.22,1.36,1.39
26.03077220916748,0.22,0.26,1.23,1.27
26.031496047973633,0.21,0.28,1.07,1.12
26.047107219696045,0.21,0.24,0.8,0.86
26.047873973846436,0.21,0.2,0.52,0.59
26.063451290130615,0.22,0.18,0.36,0.45
26.1308331489563,0.25,0.18,0.16,0.34
26.13167119026184,0.3,0.15,-0.09,0.34
26.15010118484497,0.39,0.15,-0.3,0.51
26.15070915222168,0.45,0.19,-0.46,0.67
26.16582417488098,0.55,0.25,-0.53,0.8
26.166582107543945,0.64,0.3,-0.64,0.95
26.18083119392395,0.71,0.33,-0.76,1.09
26.181567192077637,0.76,0.34,-0.81,1.16
26.197132110595703,0.77,0.33,-0.84,1.18
26.19798707962036,0.78,0.27,-0.8,1.14
26.26326608657837,0.76,0.17,-0.73,1.06
26.264029026031494,0.82,0.07,-0.71,1.08
26.283913135528564,0.89,-0.03,-0.7,1.13
26.284593105316162,0.85,-0.09,-0.75,1.13
26.298707008361816,0.77,-0.13,-0.7,1.04
26.299363136291504,0.7,-0.13,-0.64,0.95
26.31302809715271,0.6,-0.09,-0.66,0.89
26.31367516517639,0.6,-0.12,-0.61,0.86
26.330543994903564,0.64,-0.16,-0.58,0.87
26.331379175186157,0.64,-0.07,-0.52,0.82
26.396329164505005,0.63,-0.01,-0.32,0.7
26.397109031677246,0.69,0.0,-0.24,0.73
26.416923999786377,0.78,0.05,-0.24,0.81
26.417561054229736,0.85,0.14,-0.17,0.87
26.432266235351562,0.84,0.23,-0.14,0.88
26.43299412727356,0.87,0.31,-0.2,0.94
26.44718599319458,0.95,0.35,-0.21,1.03
26.447888135910034,0.91,0.46,-0.2,1.03
26.463699102401733,0.84,0.6,-0.08,1.03
26.464428186416626,0.84,0.65,-0.07,1.06
26.52970027923584,0.86,0.61,-0.13,1.06
26.53036403656006,0.86,0.57,-0.06,1.03
26.549890995025635,0.83,0.53,0.1,0.98
26.550543308258057,0.82,0.44,0.19,0.94
26.566219091415405,0.79,0.38,0.23,0.9
26.566874027252197,0.76,0.37,0.32,0.9
26.580990314483643,0.73,0.36,0.4,0.9
26.581529140472412,0.69,0.36,0.47,0.9
26.596809148788452,0.73,0.4,0.59,1.02
26.597658157348633,0.78,0.5,0.64,1.12
26.662243127822876,0.81,0.57,0.68,1.2
26.66297721862793,0.83,0.58,0.8,1.29
26.68338108062744,0.79,0.61,0.89,1.33
26.683991193771362,0.73,0.63,1.06,1.43
26.699378967285156,0.66,0.66,1.11,1.45
26.7000150680542,0.64,0.66,1.16,1.48
26.71422004699707,0.55,0.68,1.29,1.55
26.71491527557373,0.46,0.73,1.38,1.62
26.730082988739014,0.43,0.76,1.42,1.66
26.73091411590576,0.44,0.74,1.34,1.59
26.79352617263794,0.44,0.68,1.29,1.52
26.794275283813477,0.43,0.67,1.21,1.44
26.817199230194092,0.44,0.68,1.07,1.34
26.81791615486145,0.51,0.66,0.87,1.2
26.832844257354736,0.6,0.63,0.62,1.06
26.83353900909424,0.64,0.64,0.32,0.96
26.847488164901733,0.66,0.64,0.11,0.92
26.848328113555908,0.72,0.59,-0.06,0.93
26.8633131980896,0.76,0.49,-0.3,0.95
26.864123106002808,0.76,0.41,-0.47,0.98
26.92756414413452,0.74,0.31,-0.52,0.95
26.92834210395813,0.71,0.22,-0.62,0.96
26.950424194335938,0.66,0.17,-0.75,1.01
26.95117211341858,0.62,0.11,-0.83,1.04
26.965548992156982,0.53,0.04,-0.9,1.04
26.966211318969727,0.48,-0.03,-0.96,1.07
26.980650186538696,0.46,-0.06,-1.04,1.13
26.98149013519287,0.52,-0.08,-1.08,1.2
26.99610209465027,0.6,-0.09,-1.11,1.26
26.996928215026855,0.64,-0.08,-1.07,1.24
27.05963897705078,0.62,-0.06,-1.03,1.2
27.060405254364014,0.56,-0.05,-1.07,1.2
27.084094047546387,0.47,-0.1,-1.05,1.15
27.084784984588623,0.37,-0.17,-1.06,1.13
27.099130153656006,0.24,-0.2,-1.06,1.1
27.09983515739441,0.13,-0.21,-0.96,0.99
27.114089965820312,0.04,-0.2,-0.89,0.91
27.114988088607788,0.02,-0.15,-0.76,0.77
27.13020610809326,0.1,-0.05,-0.58,0.59
27.13108730316162,0.24,0.07,-0.34,0.42
27.195484161376953,0.41,0.2,-0.05,0.45
27.19627809524536,0.59,0.35,0.27,0.73
27.216994285583496,0.7,0.51,0.51,1.0
27.2176251411438,0.81,0.58,0.65,1.18
27.232710123062134,0.87,0.6,0.75,1.29
27.233434200286865,0.77,0.64,0.89,1.33
27.246984004974365,0.62,0.69,1.06,1.4
27.247680187225342,0.47,0.68,1.14,1.4
27.263612270355225,0.36,0.66,1.2,1.41
27.264469146728516,0.28,0.69,1.29,1.48
27.32825517654419,0.23,0.77,1.37,1.58
27.329033136367798,0.27,0.85,1.48,1.72
27.350415229797363,0.38,0.87,1.5,1.77
27.35114812850952,0.5,0.95,1.55,1.88
27.36513113975525,0.61,1.04,1.6,2.0
27.365830183029175,0.68,1.04,1.56,1.99
27.38056707382202,0.72,1.0,1.48,1.92
27.381282091140747,0.79,0.91,1.44,1.87
27.39675807952881,0.78,0.84,1.24,1.68
27.397644996643066,0.69,0.82,1.03,1.48
27.4614040851593,0.53,0.75,0.88,1.27
27.462167263031006,0.41,0.65,0.65,1.0
27.48335909843445,0.36,0.56,0.34,0.74
27.484093189239502,0.4,0.45,0.03,0.6
27.499638080596924,0.43,0.33,-0.19,0.57
27.500391006469727,0.45,0.29,-0.34,0.63
27.513723134994507,0.48,0.29,-0.47,0.73
27.514403104782104,0.58,0.24,-0.61,0.87
27.53006911277771,0.67,0.2,-0.77,1.04
27.53095006942749,0.74,0.13,-0.86,1.14
27.54681396484375,0.76,0.04,-1.02,1.27
27.612759113311768,0.72,0.0,-1.11,1.32
27.61362314224243,0.64,-0.03,-1.04,1.22
27.633499145507812,0.48,-0.11,-1.05,1.15
27.634193181991577,0.32,-0.22,-0.96,1.03
27.648856163024902,0.24,-0.37,-0.93,1.02
27.649582147598267,0.25,-0.53,-1.0,1.15
27.66374111175537,0.25,-0.6,-0.99,1.18
27.66438102722168,0.26,-0.6,-0.89,1.1
27.680602073669434,0.3,-0.57,-0.83,1.05
27.681507110595703,0.31,-0.47,-0.78,0.96
27.74622416496277,0.33,-0.39,-0.64,0.81
27.747016191482544,0.34,-0.38,-0.53,0.73
27.767690181732178,0.36,-0.37,-0.45,0.68
27.76839828491211,0.34,-0.32,-0.41,0.62
27.782064199447632,0.33,-0.23,-0.29,0.49
27.782762050628662,0.3,-0.17,-0.13,0.36
27.79646396636963,0.3,-0.1,-0.03,0.31
27.797099113464355,0.35,-0.03,0.04,0.35
27.813796997070312,0.41,0.03,0.14,0.43
27.814709186553955,0.49,0.09,0.38,0.62
27.876745223999023,0.5,0.15,0.52,0.73
27.877540111541748,0.45,0.21,0.62,0.79
27.900787115097046,0.35,0.23,0.73,0.84
27.901490211486816,0.22,0.2,0.82,0.87
27.916463136672974,0.09,0.12,0.79,0.8
27.91718101501465,-0.05,0.03,0.79,0.79
27.930376052856445,-0.15,-0.03,0.88,0.89
27.9312801361084,-0.17,-0.1,0.89,0.91
27.946721076965332,-0.17,-0.15,0.87,0.89
27.9475359916687,-0.13,-0.17,0.9,0.92
28.009891033172607,-0.13,-0.17,0.97,0.99
28.010547161102295,-0.16,-0.17,1.05,1.07
28.032912254333496,-0.2,-0.15,1.06,1.08
28.033574104309082,-0.28,-0.18,1.06,1.11
28.04920721054077,-0.39,-0.23,1.08,1.17
28.049893140792847,-0.5,-0.34,1.06,1.22
28.064094066619873,-0.63,-0.39,1.02,1.26
28.064815044403076,-0.78,-0.35,1.01,1.32
28.080663204193115,-0.87,-0.36,0.99,1.36
28.08162212371826,-0.89,-0.4,0.84,1.28
28.14395308494568,-0.9,-0.41,0.62,1.16
28.144723176956177,-0.9,-0.38,0.49,1.09
28.16596031188965,-0.9,-0.3,0.33,1.0
28.16661310195923,-0.85,-0.2,0.17,0.88
28.181976318359375,-0.77,-0.13,0.01,0.78
28.18271517753601,-0.69,-0.09,-0.13,0.7
28.196664094924927,-0.64,-0.05,-0.15,0.65
28.197327136993408,-0.56,-0.05,-0.14,0.57
28.21379327774048,-0.5,-0.07,-0.28,0.57
28.214553117752075,-0.47,-0.1,-0.44,0.65
28.276360988616943,-0.5,-0.15,-0.49,0.71
28.277112007141113,-0.6,-0.19,-0.61,0.87
28.320911169052124,-0.71,-0.25,-0.8,1.09
28.321616172790527,-0.74,-0.29,-0.87,1.17
28.326367139816284,-0.74,-0.33,-0.99,1.27
28.327116012573242,-0.76,-0.38,-1.15,1.42
28.346781253814697,-0.78,-0.45,-1.22,1.51
28.34768319129944,-0.81,-0.48,-1.28,1.58
28.362399101257324,-0.79,-0.51,-1.4,1.68
28.363262176513672,-0.74,-0.55,-1.52,1.77
28.427885055541992,-0.7,-0.56,-1.57,1.8
28.428675174713135,-0.75,-0.52,-1.55,1.79
28.449239253997803,-0.85,-0.47,-1.33,1.64
28.44991397857666,-0.91,-0.48,-1.11,1.51
28.464794158935547,-0.93,-0.5,-1.0,1.45
28.465511083602905,-0.95,-0.5,-0.85,1.36
28.48004412651062,-1.01,-0.46,-0.64,1.28
28.48073410987854,-1.03,-0.43,-0.32,1.16
28.496633052825928,-0.95,-0.38,-0.15,1.03
28.497519969940186,-0.79,-0.32,-0.12,0.86
28.561167240142822,-0.6,-0.22,-0.06,0.64
28.56196618080139,-0.54,-0.09,0.05,0.54
28.582723140716553,-0.56,0.08,0.19,0.59
28.58336305618286,-0.54,0.19,0.35,0.67
28.598624229431152,-0.54,0.23,0.41,0.71
28.599323272705078,-0.55,0.24,0.49,0.77
28.613978147506714,-0.54,0.24,0.59,0.83
28.61466908454895,-0.62,0.22,0.65,0.92
28.63000512123108,-0.72,0.18,0.7,1.02
28.630864143371582,-0.81,0.1,0.68,1.06
28.647033214569092,-0.9,0.04,0.65,1.11
28.711778163909912,-0.98,0.02,0.71,1.21
28.71269416809082,-1.06,0.03,0.76,1.3
28.733771085739136,-1.05,0.01,0.87,1.36
28.73441219329834,-0.97,0.0,0.94,1.35
28.74871301651001,-0.86,0.02,0.96,1.28
28.749431133270264,-0.83,0.05,1.07,1.35
28.76392912864685,-0.8,0.08,1.21,1.45
28.764636039733887,-0.74,0.1,1.24,1.44
28.779998302459717,-0.7,0.1,1.24,1.42
28.780741214752197,-0.72,0.07,1.25,1.44
28.846023082733154,-0.81,0.03,1.23,1.47
28.84677815437317,-0.92,0.03,1.14,1.46
28.867534160614014,-0.96,-0.02,1.08,1.44
28.86820411682129,-0.93,-0.11,0.88,1.28
28.88228702545166,-0.89,-0.16,0.68,1.13
28.882979154586792,-0.86,-0.17,0.43,0.97
28.897194147109985,-0.83,-0.13,0.21,0.86
28.897902011871338,-0.78,-0.14,0.02,0.79
28.913968086242676,-0.76,-0.11,-0.16,0.78
28.914836168289185,-0.72,-0.05,-0.27,0.77
28.978299140930176,-0.66,0.0,-0.37,0.75
28.979094982147217,-0.63,0.01,-0.51,0.81
29.0003342628479,-0.58,-0.02,-0.59,0.82
29.00102710723877,-0.54,-0.03,-0.71,0.89
29.01545000076294,-0.5,-0.05,-0.82,0.96
29.016127109527588,-0.52,-0.11,-0.86,1.01
29.030455112457275,-0.57,-0.17,-0.9,1.07
29.03118109703064,-0.6,-0.26,-0.95,1.15
29.046805143356323,-0.69,-0.35,-0.9,1.18
29.04768705368042,-0.81,-0.42,-0.86,1.25
29.109565258026123,-0.91,-0.53,-0.76,1.29
29.11033821105957,-0.92,-0.59,-0.74,1.31
29.13364815711975,-0.91,-0.61,-0.82,1.36
29.134353160858154,-0.92,-0.59,-0.81,1.36
29.149002075195312,-0.92,-0.56,-0.73,1.3
29.149657249450684,-0.86,-0.49,-0.74,1.23
29.163310050964355,-0.77,-0.46,-0.75,1.16
29.164010047912598,-0.67,-0.43,-0.7,1.06
29.180105209350586,-0.61,-0.38,-0.66,0.97
29.180934190750122,-0.61,-0.29,-0.56,0.87
29.24184799194336,-0.64,-0.17,-0.37,0.75
29.24258804321289,-0.64,-0.1,-0.19,0.67
29.266882181167603,-0.64,-0.07,0.0,0.64
29.267502307891846,-0.64,-0.07,0.24,0.68
29.282552242279053,-0.67,-0.04,0.47,0.81
29.283231258392334,-0.76,0.04,0.73,1.05
29.29725217819214,-0.85,0.09,1.02,1.33
29.298144102096558,-0.88,0.11,1.2,1.49
29.313388109207153,-0.8,0.12,1.22,1.46
29.31425905227661,-0.68,0.11,1.25,1.42
29.37867307662964,-0.58,0.2,1.22,1.36
29.37943124771118,-0.54,0.3,1.19,1.34
29.400269985198975,-0.48,0.33,1.18,1.31
29.400968074798584,-0.42,0.35,1.1,1.22
29.41592025756836,-0.41,0.39,1.0,1.14
29.416628122329712,-0.41,0.35,1.05,1.18
29.430349111557007,-0.44,0.29,1.08,1.2
29.431048154830933,-0.5,0.17,1.06,1.18
29.446534156799316,-0.62,0.0,1.02,1.19
29.447384119033813,-0.69,-0.14,1.12,1.32
29.508055210113525,-0.75,-0.26,1.18,1.42
29.508808135986328,-0.81,-0.33,1.24,1.51
29.512287139892578,-0.84,-0.38,1.28,1.57
29.53165626525879,-0.75,-0.47,1.16,1.45
29.532332181930542,-0.75,-0.44,0.99,1.31
29.546911239624023,-0.79,-0.34,0.76,1.14
29.547612190246582,-0.7,-0.31,0.39,0.85
29.563401222229004,-0.53,-0.3,-0.04,0.61
29.564297199249268,-0.34,-0.23,-0.36,0.54
29.580249309539795,-0.13,-0.11,-0.6,0.62
29.642356157302856,0.1,-0.03,-0.81,0.81
29.643315315246582,0.24,0.03,-1.0,1.02
29.66731023788452,0.35,0.09,-1.17,1.22
29.668037176132202,0.36,0.12,-1.29,1.34
29.682547092437744,0.35,0.08,-1.35,1.39
29.683277130126953,0.3,0.0,-1.39,1.42
29.697442054748535,0.23,-0.09,-1.48,1.5
29.698368072509766,0.2,-0.21,-1.5,1.52
29.7134952545166,0.11,-0.28,-1.61,1.63
29.714401245117188,-0.04,-0.33,-1.71,1.74
29.730231285095215,-0.14,-0.46,-1.64,1.7
29.796024084091187,-0.22,-0.57,-1.59,1.7
29.79686713218689,-0.25,-0.63,-1.47,1.61
29.816890239715576,-0.22,-0.69,-1.3,1.48
29.817537307739258,-0.19,-0.69,-1.23,1.42
29.83124613761902,-0.11,-0.69,-1.06,1.26
29.831863164901733,-0.04,-0.68,-0.82,1.06
29.847064971923828,-0.05,-0.6,-0.67,0.9
29.84778928756714,-0.02,-0.5,-0.55,0.74
29.86316418647766,0.06,-0.43,-0.37,0.57
29.86405110359192,0.13,-0.32,-0.22,0.4
29.92469811439514,0.2,-0.15,-0.06,0.25
29.925459146499634,0.29,-0.02,0.14,0.32
29.9293851852417,0.32,0.11,0.3,0.45
29.948559284210205,0.34,0.27,0.5,0.66
29.94917917251587,0.32,0.39,0.7,0.86
29.963703155517578,0.3,0.51,0.84,1.02
29.964416980743408,0.31,0.57,0.99,1.18
29.979989051818848,0.32,0.58,1.1,1.28
29.98088812828064,0.27,0.62,1.16,1.34
29.99670910835266,0.24,0.59,1.24,1.39
30.058829307556152,0.14,0.52,1.27,1.37
30.059726238250732,0.04,0.48,1.28,1.36
30.08415913581848,-0.02,0.41,1.29,1.35
30.084879159927368,-0.03,0.31,1.27,1.3
30.099229097366333,0.0,0.29,1.2,1.23
30.09996509552002,0.06,0.33,1.15,1.19
30.113903999328613,0.13,0.39,1.13,1.2
30.114795207977295,0.2,0.47,1.05,1.16
30.130232095718384,0.26,0.54,0.99,1.15
30.131124019622803,0.38,0.56,0.86,1.09
30.192148208618164,0.54,0.56,0.64,1.0
30.192893028259277,0.65,0.54,0.44,0.95
30.21696710586548,0.71,0.55,0.27,0.93
30.217684268951416,0.76,0.57,0.09,0.95
30.232620239257812,0.81,0.52,-0.12,0.97
30.23336911201477,0.76,0.44,-0.31,0.93
30.24743413925171,0.65,0.39,-0.36,0.83
30.248335123062134,0.59,0.27,-0.5,0.81
30.263575077056885,0.62,0.13,-0.67,0.92
30.264461040496826,0.61,0.0,-0.76,0.97
30.325345993041992,0.62,-0.07,-0.78,0.99
30.32614517211914,0.67,-0.09,-0.85,1.08
30.350130081176758,0.7,-0.1,-0.98,1.2
30.350796222686768,0.7,-0.1,-0.97,1.2
30.365917205810547,0.72,-0.07,-0.92,1.17
30.36660099029541,0.78,-0.08,-0.96,1.23
30.379878044128418,0.85,-0.13,-0.9,1.24
30.380733013153076,0.89,-0.13,-0.71,1.14
30.396607160568237,0.92,-0.09,-0.55,1.07
30.39747714996338,1.0,-0.07,-0.44,1.09
30.45905303955078,1.03,-0.04,-0.36,1.09
30.459768295288086,0.98,0.01,-0.26,1.01
30.483626127243042,0.9,0.04,-0.16,0.91
30.484323024749756,0.83,0.04,-0.07,0.83
30.4989972114563,0.77,0.05,-0.07,0.77
30.499641180038452,0.7,0.1,-0.07,0.71
30.51362419128418,0.71,0.16,0.03,0.72
30.51434016227722,0.7,0.27,0.18,0.77
30.529858112335205,0.67,0.42,0.33,0.85
30.530753135681152,0.64,0.56,0.54,1.0
30.591690063476562,0.61,0.63,0.7,1.12
30.59238910675049,0.61,0.66,0.84,1.23
30.595312118530273,0.64,0.71,1.02,1.39
30.61541223526001,0.68,0.77,1.12,1.51
30.616194248199463,0.7,0.83,1.18,1.6
30.630393981933594,0.73,0.87,1.27,1.7
30.631097316741943,0.76,0.87,1.23,1.68
30.646718978881836,0.71,0.88,1.14,1.6
30.64757513999939,0.62,0.86,1.2,1.6
30.663427114486694,0.53,0.77,1.18,1.5
30.723457098007202,0.44,0.7,1.09,1.36
30.724327087402344,0.38,0.64,1.01,1.25
30.73084306716919,0.31,0.53,0.9,1.08
30.731455087661743,0.22,0.45,0.88,1.01
30.74826216697693,0.17,0.42,0.79,0.91
30.748995304107666,0.2,0.37,0.56,0.7
30.763692140579224,0.3,0.34,0.4,0.6
30.764406204223633,0.4,0.37,0.27,0.6
30.78014612197876,0.55,0.44,0.15,0.72
30.781028270721436,0.75,0.49,-0.08,0.89
30.79664707183838,0.87,0.5,-0.29,1.04
30.857895135879517,0.86,0.5,-0.41,1.07
30.858779191970825,0.81,0.45,-0.61,1.1
30.861147165298462,0.72,0.35,-0.79,1.12
30.881431102752686,0.63,0.21,-0.87,1.09
30.882066249847412,0.58,0.14,-0.98,1.14
30.896862983703613,0.56,0.1,-1.13,1.26
30.89758610725403,0.57,0.02,-1.23,1.35
30.91326117515564,0.6,0.01,-1.25,1.38
30.913963317871094,0.64,0.05,-1.19,1.35
30.929973125457764,0.64,0.07,-1.15,1.31
30.990013122558594,0.61,0.01,-1.02,1.18
30.99084210395813,0.6,-0.06,-0.85,1.04
30.99982213973999,0.54,-0.09,-0.79,0.96
31.00044012069702,0.5,-0.18,-0.76,0.92
31.014756202697754,0.44,-0.21,-0.54,0.72
31.01537799835205,0.37,-0.2,-0.31,0.52
31.029927253723145,0.37,-0.22,-0.33,0.54
31.030575275421143,0.36,-0.11,-0.22,0.43
31.046884059906006,0.34,0.03,-0.02,0.34
31.04770016670227,0.4,0.08,-0.02,0.4
31.106865167617798,0.51,0.13,-0.04,0.52
31.10762119293213,0.55,0.24,-0.02,0.6
31.112826108932495,0.57,0.35,0.07,0.67
31.11345911026001,0.62,0.41,0.15,0.75
31.131752967834473,0.68,0.44,0.2,0.83
31.132439136505127,0.71,0.51,0.24,0.9
31.147412300109863,0.73,0.6,0.35,1.0
31.148123264312744,0.74,0.71,0.53,1.15
31.16289520263672,0.73,0.78,0.67,1.26
31.163671016693115,0.76,0.78,0.74,1.31
31.222326278686523,0.81,0.78,0.83,1.39
31.22305417060852,0.77,0.8,0.93,1.44
31.23324418067932,0.73,0.79,1.02,1.48
31.233891010284424,0.69,0.75,1.06,1.47
31.248103141784668,0.67,0.77,1.08,1.48
31.24881911277771,0.64,0.8,1.1,1.5
31.26335096359253,0.63,0.77,1.15,1.52
31.264065265655518,0.62,0.73,1.22,1.55
31.280200004577637,0.56,0.73,1.27,1.56
31.281001091003418,0.48,0.69,1.26,1.51
31.33875608444214,0.35,0.59,1.27,1.44
31.339531183242798,0.15,0.5,1.28,1.38
31.34903311729431,0.02,0.44,1.22,1.29
31.34971523284912,-0.04,0.35,1.05,1.1
31.36481523513794,-0.04,0.25,0.87,0.9
31.365414142608643,0.03,0.2,0.71,0.73
31.380043983459473,0.12,0.19,0.46,0.51
31.38071918487549,0.27,0.19,0.22,0.39
31.39652109146118,0.42,0.2,-0.02,0.46
31.397390127182007,0.47,0.23,-0.17,0.55
31.41322422027588,0.48,0.25,-0.29,0.61
31.474993228912354,0.42,0.24,-0.43,0.64
31.47588300704956,0.37,0.11,-0.56,0.68
31.500418186187744,0.33,-0.06,-0.69,0.76
31.50116515159607,0.24,-0.23,-0.78,0.84
31.51528024673462,0.12,-0.3,-0.85,0.9
31.516005992889404,0.0,-0.29,-0.9,0.94
31.530291080474854,-0.07,-0.32,-0.88,0.93
31.531007289886475,-0.09,-0.35,-0.85,0.92
31.54639720916748,0.09,-0.37,-0.9,0.97
31.547283172607422,0.27,-0.4,-0.98,1.09
31.608991146087646,0.37,-0.37,-0.95,1.08
31.609702110290527,0.35,-0.26,-0.68,0.8
31.635037183761597,0.2,-0.2,-0.31,0.41
31.63576912879944,-0.05,-0.31,-0.02,0.31
31.648457050323486,-0.27,-0.44,0.03,0.51
31.649217128753662,-0.38,-0.43,-0.03,0.57
31.663498163223267,-0.5,-0.36,-0.01,0.61
31.66422128677368,-0.55,-0.34,0.06,0.64
31.679888248443604,-0.45,-0.3,0.06,0.54
31.680695056915283,-0.12,-0.23,-0.01,0.25
31.74007511138916,0.27,-0.14,-0.11,0.32
31.740807056427002,0.57,-0.06,0.03,0.57
31.74721097946167,0.71,0.08,0.27,0.76
31.74780511856079,0.78,0.25,0.46,0.93
31.765093088150024,0.81,0.31,0.55,1.02
31.765741109848022,0.81,0.21,0.6,1.02
31.78020715713501,0.74,0.09,0.63,0.97
31.780887126922607,0.57,-0.01,0.65,0.86
31.796123027801514,0.31,-0.11,0.65,0.72
31.79678511619568,-0.02,-0.19,0.61,0.63
31.854390144348145,-0.34,-0.24,0.61,0.73
31.855173110961914,-0.68,-0.26,0.58,0.93
31.86672830581665,-1.01,-0.3,0.47,1.15
31.867388248443604,-1.25,-0.37,0.39,1.36
31.88160228729248,-1.49,-0.4,0.39,1.59
31.882243156433105,-1.62,-0.34,0.44,1.71
31.8982253074646,-1.65,-0.31,0.45,1.73
31.901097297668457,-1.55,-0.34,0.48,1.65
31.91323208808899,-1.41,-0.33,0.46,1.51
31.91395115852356,-1.28,-0.21,0.45,1.37
31.97001600265503,-1.14,-0.09,0.44,1.22
31.970757007598877,-0.96,-0.02,0.37,1.02
31.982644081115723,-0.76,0.04,0.26,0.8
31.983304977416992,-0.63,0.13,0.06,0.64
31.99758529663086,-0.6,0.19,-0.1,0.63
31.998231172561646,-0.63,0.18,-0.1,0.66
32.011696100234985,-0.69,0.11,-0.18,0.72
32.01238417625427,-0.75,0.05,-0.23,0.78
32.02981209754944,-0.79,-0.05,-0.28,0.83
32.030704975128174,-0.84,-0.13,-0.39,0.93
32.086992263793945,-0.83,-0.26,-0.43,0.97
32.087778091430664,-0.79,-0.37,-0.54,1.02
32.09928917884827,-0.74,-0.41,-0.71,1.1
32.09992718696594,-0.7,-0.46,-0.86,1.2
32.114540100097656,-0.67,-0.49,-1.01,1.3
32.11522626876831,-0.58,-0.46,-1.11,1.33
32.130001068115234,-0.49,-0.43,-1.24,1.4
32.130736112594604,-0.42,-0.42,-1.34,1.46
32.14622116088867,-0.4,-0.4,-1.34,1.45
32.14704132080078,-0.41,-0.36,-1.28,1.39
32.2044141292572,-0.44,-0.31,-1.22,1.33
32.20514416694641,-0.49,-0.32,-1.13,1.27
32.214606285095215,-0.58,-0.34,-1.04,1.23
32.215259075164795,-0.65,-0.32,-0.93,1.17
32.231210231781006,-0.66,-0.3,-0.77,1.05
32.231911182403564,-0.68,-0.31,-0.61,0.96
32.24655103683472,-0.77,-0.26,-0.36,0.88
32.24728727340698,-0.79,-0.2,-0.07,0.81
32.262065172195435,-0.74,-0.19,0.11,0.77
32.26291608810425,-0.7,-0.22,0.21,0.76
32.32092905044556,-0.7,-0.17,0.38,0.81
32.32168626785278,-0.72,-0.05,0.56,0.91
32.32959222793579,-0.74,0.02,0.67,0.99
32.33024597167969,-0.76,0.07,0.83,1.12
32.34660625457764,-0.77,0.11,1.06,1.31
32.34735918045044,-0.85,0.16,1.22,1.49
32.36359620094299,-0.84,0.14,1.38,1.62
32.36429214477539,-0.84,0.1,1.41,1.64
32.37988996505737,-0.87,0.04,1.36,1.61
32.380760192871094,-0.93,-0.04,1.38,1.66
32.43913817405701,-0.93,-0.1,1.36,1.65
32.439876079559326,-0.88,-0.12,1.13,1.43
32.448533058166504,-0.81,-0.15,0.96,1.26
32.44916319847107,-0.74,-0.2,0.91,1.18
32.46479916572571,-0.7,-0.19,0.73,1.02
32.46554112434387,-0.66,-0.15,0.54,0.86
32.480499267578125,-0.67,-0.15,0.45,0.82
32.481173038482666,-0.77,-0.16,0.41,0.88
32.49632811546326,-0.8,-0.12,0.39,0.89
32.49716901779175,-0.81,-0.16,0.35,0.89
32.555795192718506,-0.78,-0.31,0.27,0.88
32.556504249572754,-0.88,-0.31,0.34,0.99
32.56385803222656,-0.84,-0.24,0.56,1.03
32.56451225280762,-0.68,-0.21,0.39,0.81
32.581329107284546,-0.57,-0.24,0.23,0.65
32.5820791721344,-0.59,-0.17,0.14,0.62
32.59681510925293,-0.64,-0.05,-0.07,0.64
32.597554206848145,-0.62,-0.02,-0.23,0.66
32.61320924758911,-0.55,-0.11,-0.45,0.71
32.61410212516785,-0.49,-0.18,-0.62,0.81
32.629791259765625,-0.43,-0.21,-0.69,0.83
32.689969062805176,-0.4,-0.22,-0.81,0.92
32.69085216522217,-0.38,-0.21,-0.9,0.99
32.69633722305298,-0.43,-0.24,-0.94,1.06
32.6970100402832,-0.45,-0.29,-1.01,1.14
32.71500015258789,-0.41,-0.36,-1.12,1.24
32.71564817428589,-0.38,-0.41,-1.22,1.34
32.73014831542969,-0.41,-0.44,-1.29,1.42
32.73087215423584,-0.5,-0.5,-1.23,1.41
32.74640512466431,-0.57,-0.54,-1.16,1.4
32.74732828140259,-0.69,-0.53,-1.11,1.41
32.80420112609863,-0.81,-0.54,-0.95,1.36
32.80499505996704,-0.82,-0.59,-0.82,1.3
32.816845178604126,-0.82,-0.62,-0.76,1.27
32.817437171936035,-0.79,-0.56,-0.58,1.12
32.831228256225586,-0.77,-0.45,-0.41,0.98
32.831958293914795,-0.73,-0.36,-0.18,0.83
32.84701609611511,-0.63,-0.31,0.06,0.7
32.847758293151855,-0.55,-0.25,0.2,0.63
32.8630690574646,-0.55,-0.14,0.39,0.68
32.86390829086304,-0.62,-0.03,0.71,0.94
32.923091173172,-0.65,0.06,0.91,1.11
32.92388319969177,-0.6,0.07,0.99,1.15
32.93200922012329,-0.55,0.13,1.05,1.19
32.93267631530762,-0.48,0.22,1.17,1.28
32.94838809967041,-0.43,0.29,1.32,1.41
32.94913411140442,-0.48,0.39,1.41,1.53
32.963661193847656,-0.5,0.47,1.45,1.6
32.964313983917236,-0.5,0.44,1.45,1.59
32.98006629943848,-0.52,0.34,1.4,1.53
32.980897188186646,-0.55,0.28,1.37,1.5
33.04073524475098,-0.61,0.28,1.3,1.46
33.04139709472656,-0.61,0.29,1.22,1.39
33.045374155044556,-0.58,0.22,1.13,1.28
33.06461310386658,-0.56,0.15,1.03,1.18
33.0652801990509,-0.52,0.11,0.96,1.09
33.080026149749756,-0.47,0.07,0.88,1.0
33.08074617385864,-0.45,0.01,0.79,0.9
33.09628415107727,-0.41,-0.06,0.65,0.77
33.0970561504364,-0.34,-0.08,0.35,0.49
33.11321496963501,-0.29,-0.08,0.12,0.32
33.173447132110596,-0.23,-0.11,-0.06,0.26
33.174275159835815,-0.25,-0.11,-0.38,0.46
33.178898096084595,-0.25,-0.09,-0.62,0.67
33.17947816848755,-0.21,-0.14,-0.78,0.81
33.197937965393066,-0.16,-0.18,-0.99,1.01
33.19866704940796,-0.14,-0.21,-1.18,1.2
33.213834285736084,-0.11,-0.25,-1.28,1.3
33.21450710296631,-0.08,-0.28,-1.32,1.35
33.23001003265381,-0.05,-0.29,-1.33,1.36
33.23088026046753,-0.04,-0.28,-1.4,1.42
33.28853416442871,-0.02,-0.3,-1.44,1.47
33.28928327560425,-0.02,-0.31,-1.43,1.46
33.29976010322571,-0.03,-0.37,-1.4,1.44
33.30042123794556,-0.11,-0.53,-1.33,1.43
33.31481313705444,-0.24,-0.66,-1.23,1.41
33.3155403137207,-0.32,-0.68,-1.41,1.59
33.329843044281006,-0.35,-0.55,-1.56,1.69
33.33055520057678,-0.38,-0.39,-1.33,1.43
33.346251010894775,-0.38,-0.21,-1.08,1.16
33.34705924987793,-0.26,-0.06,-0.83,0.87
33.40405225753784,0.07,-0.02,-0.52,0.52
33.40483117103577,0.45,0.01,-0.26,0.51
33.416792154312134,0.77,0.08,0.19,0.79
33.4174599647522,0.87,0.18,0.7,1.13
33.43125915527344,0.81,0.3,1.19,1.47
33.43198204040527,0.84,0.29,1.41,1.66
33.448336124420166,0.85,0.22,1.29,1.56
33.45114016532898,0.76,0.17,1.18,1.41
33.4630331993103,0.53,0.18,1.1,1.23
33.46376705169678,0.19,0.23,1.05,1.09
33.52019715309143,-0.1,0.35,1.07,1.13
33.52090501785278,-0.23,0.48,1.02,1.15
33.53219699859619,-0.23,0.52,0.96,1.11
33.53281617164612,-0.2,0.51,1.02,1.15
33.54774522781372,-0.19,0.49,1.08,1.2
33.54841423034668,-0.15,0.49,1.1,1.21
33.56341314315796,-0.03,0.46,1.13,1.22
33.5641131401062,0.12,0.4,1.05,1.13
33.579859256744385,0.29,0.31,0.87,0.96
33.5807671546936,0.45,0.24,0.64,0.81
33.59631824493408,0.54,0.22,0.37,0.69
33.6573691368103,0.57,0.27,0.07,0.63
33.65826606750488,0.59,0.3,-0.18,0.68
33.66115617752075,0.58,0.31,-0.38,0.75
33.68156409263611,0.6,0.35,-0.52,0.86
33.68219208717346,0.67,0.39,-0.6,0.98
33.69653129577637,0.76,0.42,-0.56,1.03
33.69726514816284,0.87,0.44,-0.48,1.08
33.71316409111023,0.96,0.44,-0.37,1.11
33.71401500701904,1.03,0.4,-0.24,1.13
33.729475021362305,0.99,0.35,-0.18,1.06
33.78855228424072,0.89,0.28,-0.08,0.93
33.7894082069397,0.74,0.19,-0.02,0.76
33.79867124557495,0.68,0.07,-0.01,0.68
33.79935121536255,0.61,-0.02,-0.09,0.61
33.81471014022827,0.53,-0.09,-0.09,0.54
33.81532001495361,0.54,-0.14,-0.09,0.56
33.8298761844635,0.55,-0.18,-0.17,0.6
33.830602169036865,0.59,-0.2,-0.36,0.71
33.84621620178223,0.67,-0.2,-0.55,0.88
33.84704613685608,0.69,-0.15,-0.63,0.94
33.905407190322876,0.7,-0.05,-0.78,1.04
33.90619897842407,0.75,0.03,-0.83,1.11
33.91681218147278,0.88,0.08,-0.76,1.16
33.91747999191284,1.02,0.13,-0.82,1.31
33.93124198913574,1.09,0.17,-0.82,1.37
33.93189096450806,1.01,0.24,-0.62,1.2
33.9467191696167,0.84,0.35,-0.27,0.94
33.94743728637695,0.65,0.38,0.09,0.75
33.96288728713989,0.59,0.3,0.33,0.73
33.963757038116455,0.62,0.19,0.45,0.78
34.02058410644531,0.63,0.21,0.6,0.89
34.02128314971924,0.58,0.31,0.72,0.97
34.029563188552856,0.52,0.36,0.79,1.01
34.03020620346069,0.47,0.43,0.83,1.04
34.04813313484192,0.43,0.52,0.87,1.1
34.04884624481201,0.42,0.58,0.88,1.13
34.06324815750122,0.42,0.66,0.87,1.17
34.06391525268555,0.4,0.71,0.91,1.22
34.07971119880676,0.34,0.74,1.02,1.3
34.08061122894287,0.36,0.72,1.1,1.36
34.140013217926025,0.39,0.68,1.11,1.35
34.14076519012451,0.41,0.65,1.16,1.39
34.14557409286499,0.37,0.62,1.21,1.4
34.14623308181763,0.28,0.65,1.25,1.43
34.16439723968506,0.22,0.65,1.28,1.45
34.164998054504395,0.27,0.59,1.27,1.42
34.17991399765015,0.3,0.52,1.11,1.26
34.18061709403992,0.36,0.45,0.93,1.09
34.19651508331299,0.43,0.4,0.7,0.91
34.1973671913147,0.45,0.41,0.41,0.73
34.25480604171753,0.43,0.44,0.16,0.63
34.255590200424194,0.49,0.43,-0.03,0.65
34.26591205596924,0.6,0.39,-0.26,0.76
34.266568183898926,0.65,0.38,-0.52,0.91
34.281185150146484,0.65,0.37,-0.61,0.96
34.28183913230896,0.59,0.39,-0.66,0.96
34.29649615287781,0.61,0.35,-0.69,0.98
34.297139167785645,0.62,0.29,-0.69,0.97
34.31288719177246,0.57,0.23,-0.72,0.94
34.31377410888672,0.58,0.15,-0.6,0.84
34.37164831161499,0.59,0.07,-0.61,0.85
34.37240505218506,0.53,0.05,-0.61,0.8
34.38330411911011,0.45,0.05,-0.59,0.74
34.38391709327698,0.41,0.01,-0.66,0.77
34.39780116081238,0.36,0.0,-0.77,0.85
34.39848613739014,0.3,0.02,-0.84,0.89
34.41360425949097,0.27,0.02,-0.87,0.91
34.41427230834961,0.29,0.01,-0.91,0.95
34.42931818962097,0.3,0.02,-0.86,0.91
34.43018102645874,0.33,0.06,-0.7,0.77
34.486860275268555,0.33,0.09,-0.53,0.63
34.48758411407471,0.27,0.12,-0.38,0.48
34.49848222732544,0.25,0.1,-0.17,0.31
34.49913811683655,0.26,0.0,-0.04,0.26
34.51490306854248,0.17,-0.14,-0.02,0.22
34.51555109024048,-0.01,-0.22,-0.02,0.22
34.52964115142822,-0.08,-0.13,-0.09,0.17
34.53032302856445,-0.06,0.1,-0.24,0.26
34.546075105667114,0.04,0.32,-0.13,0.34
34.546980142593384,0.2,0.55,0.17,0.6
34.563061237335205,0.48,0.81,0.38,1.01
34.62125205993652,0.77,1.08,0.68,1.49
34.622130155563354,1.01,1.25,1.1,1.94
34.631306171417236,1.15,1.35,1.33,2.21
34.63196015357971,1.32,1.33,1.53,2.41
34.64800810813904,1.42,1.2,1.66,2.49
34.64872217178345,1.38,1.04,1.44,2.24
34.66327524185181,1.54,0.88,1.17,2.12
34.66398906707764,1.37,0.84,1.0,1.89
34.679787158966064,0.98,0.85,0.87,1.56
34.68062925338745,0.61,0.85,0.73,1.27
34.737123012542725,0.32,0.76,0.54,0.98
34.737882137298584,0.16,0.66,0.32,0.75
34.74885702133179,0.11,0.55,0.13,0.57
34.74949407577515,0.14,0.45,0.11,0.48
34.76493215560913,0.19,0.4,0.23,0.49
34.765653133392334,0.26,0.31,0.33,0.52
34.77996611595154,0.33,0.2,0.22,0.44
34.780694007873535,0.4,0.07,0.12,0.42
34.79623603820801,0.45,-0.01,-0.07,0.45
34.79711413383484,0.43,-0.03,-0.4,0.58
34.85282611846924,0.43,-0.03,-0.63,0.76
34.85353326797485,0.44,-0.04,-0.75,0.87
34.86615324020386,0.4,-0.08,-0.83,0.92
34.866827964782715,0.33,-0.09,-0.94,1.0
34.878907203674316,0.26,-0.12,-1.01,1.04
34.87966299057007,0.11,-0.19,-1.0,1.02
34.896602153778076,-0.04,-0.25,-0.81,0.84
34.89736008644104,-0.13,-0.29,-0.65,0.72
34.9130482673645,-0.17,-0.34,-0.72,0.81
34.91383218765259,-0.11,-0.4,-0.71,0.82
34.96953821182251,0.0,-0.44,-0.65,0.78
34.97026824951172,0.08,-0.39,-0.73,0.83
34.978716135025024,0.18,-0.29,-0.74,0.81
34.979398250579834,0.28,-0.21,-0.7,0.78
34.998035192489624,0.35,-0.09,-0.71,0.79
34.99875020980835,0.39,-0.01,-0.7,0.8
35.013625144958496,0.42,0.04,-0.61,0.74
35.01435708999634,0.36,0.09,-0.44,0.57
35.02953910827637,0.29,0.13,-0.16,0.35
35.03042912483215,0.21,0.17,0.12,0.29
35.08650207519531,0.15,0.2,0.4,0.47
35.0872802734375,0.08,0.21,0.67,0.7
35.09983015060425,0.0,0.17,0.91,0.92
35.10051202774048,-0.09,0.12,1.12,1.13
35.11476421356201,-0.24,0.14,1.32,1.34
35.11548900604248,-0.36,0.16,1.44,1.49
35.129873275756836,-0.43,0.21,1.43,1.5
35.13060212135315,-0.48,0.26,1.39,1.49
35.14645314216614,-0.49,0.28,1.34,1.45
35.1473491191864,-0.47,0.25,1.24,1.34
35.20466208457947,-0.41,0.22,1.16,1.24
35.205432176589966,-0.36,0.2,1.08,1.15
35.216522216796875,-0.29,0.12,1.06,1.1
35.217151165008545,-0.32,-0.03,1.05,1.09
35.23165011405945,-0.4,-0.16,1.14,1.21
35.232346057891846,-0.51,-0.27,1.16,1.29
35.247694969177246,-0.6,-0.34,1.08,1.28
35.24836611747742,-0.72,-0.36,0.97,1.26
35.26219320297241,-0.83,-0.37,0.83,1.23
35.26302409172058,-0.91,-0.41,0.66,1.19
35.318751096725464,-0.9,-0.4,0.41,1.06
35.3194842338562,-0.86,-0.34,0.1,0.93
35.33177709579468,-0.79,-0.26,-0.15,0.84
35.332406997680664,-0.74,-0.16,-0.32,0.82
35.34697198867798,-0.68,-0.04,-0.4,0.78
35.347695112228394,-0.61,0.06,-0.52,0.8
35.361855030059814,-0.57,0.14,-0.61,0.84
35.3624951839447,-0.57,0.19,-0.66,0.89
35.377469062805176,-0.55,0.17,-0.71,0.91
35.37829613685608,-0.58,0.11,-0.73,0.93
35.433557987213135,-0.74,0.06,-0.71,1.02
35.43435215950012,-0.91,-0.02,-0.66,1.12
35.4501051902771,-0.99,-0.13,-0.69,1.21
35.45075225830078,-1.07,-0.21,-0.8,1.35
35.46481418609619,-1.1,-0.25,-0.86,1.41
35.465532302856445,-0.99,-0.29,-0.91,1.37
35.48007011413574,-0.81,-0.31,-1.05,1.36
35.48074531555176,-0.66,-0.29,-1.17,1.37
35.49632930755615,-0.58,-0.21,-1.2,1.34
35.497172117233276,-0.45,-0.19,-1.19,1.28
35.513596057891846,-0.35,-0.19,-1.22,1.28
35.57164525985718,-0.31,-0.19,-1.25,1.3
35.57255411148071,-0.3,-0.2,-1.19,1.24
35.57879400253296,-0.32,-0.17,-1.11,1.16
35.5793981552124,-0.39,-0.16,-1.05,1.13
35.59531021118164,-0.41,-0.19,-0.9,1.0
35.595951080322266,-0.37,-0.22,-0.7,0.82
35.61180305480957,-0.32,-0.23,-0.49,0.62
35.612489223480225,-0.27,-0.24,-0.3,0.46
35.62915515899658,-0.31,-0.25,-0.08,0.4
35.62999629974365,-0.44,-0.24,0.18,0.53
35.68527412414551,-0.57,-0.28,0.37,0.73
35.68602108955383,-0.65,-0.37,0.51,0.9
35.70009899139404,-0.74,-0.43,0.59,1.03
35.70073223114014,-0.83,-0.42,0.67,1.14
35.714927196502686,-0.89,-0.38,0.78,1.24
35.71563410758972,-0.97,-0.31,0.87,1.33
35.7300009727478,-1.02,-0.24,1.01,1.45
35.73071002960205,-0.99,-0.16,1.13,1.51
35.74664616584778,-0.93,-0.07,1.26,1.56
35.74747610092163,-0.9,0.03,1.33,1.6
35.80365014076233,-0.91,0.11,1.44,1.7
35.80443525314331,-0.87,0.16,1.56,1.79
35.81673216819763,-0.83,0.19,1.53,1.75
35.81732225418091,-0.77,0.16,1.53,1.72
35.83090925216675,-0.74,0.11,1.5,1.67
35.83163022994995,-0.78,0.12,1.38,1.58
35.84669828414917,-0.82,0.09,1.26,1.5
35.847411155700684,-0.87,-0.01,1.04,1.35
35.86274719238281,-0.96,-0.06,0.79,1.24
35.86361503601074,-0.98,-0.11,0.61,1.15
35.920236110687256,-0.91,-0.2,0.41,1.01
35.92100811004639,-0.77,-0.24,0.13,0.81
35.93326711654663,-0.68,-0.23,-0.05,0.71
35.933924198150635,-0.6,-0.21,-0.11,0.64
35.94787931442261,-0.49,-0.22,-0.27,0.6
35.948588132858276,-0.37,-0.24,-0.46,0.63
35.963173151016235,-0.28,-0.29,-0.54,0.67
35.963809967041016,-0.28,-0.3,-0.71,0.82
35.9797101020813,-0.31,-0.3,-0.8,0.9
35.98053026199341,-0.34,-0.32,-0.85,0.96
36.0357301235199,-0.39,-0.33,-0.87,1.0
36.03646111488342,-0.42,-0.33,-0.91,1.05
36.049180030822754,-0.47,-0.34,-1.02,1.17
36.04979419708252,-0.54,-0.36,-1.02,1.2
36.063841104507446,-0.59,-0.36,-0.95,1.17
36.064436197280884,-0.64,-0.36,-0.97,1.21
36.079527139663696,-0.66,-0.32,-0.97,1.21
36.080095291137695,-0.61,-0.27,-0.87,1.09
36.09568929672241,-0.54,-0.24,-0.85,1.03
36.09658908843994,-0.49,-0.23,-0.84,0.99
36.153160095214844,-0.49,-0.19,-0.74,0.9
36.15387010574341,-0.48,-0.17,-0.69,0.85
36.16555404663086,-0.48,-0.15,-0.68,0.84
36.1661741733551,-0.49,-0.17,-0.63,0.81
36.180737018585205,-0.46,-0.18,-0.55,0.73
36.18142127990723,-0.42,-0.18,-0.54,0.7
36.19620609283447,-0.38,-0.16,-0.49,0.64
36.19687008857727,-0.33,-0.13,-0.32,0.47
36.211698055267334,-0.27,-0.1,-0.13,0.31
36.21256399154663,-0.26,-0.04,-0.01,0.26
36.2295880317688,-0.34,0.05,0.16,0.37
36.286593198776245,-0.47,0.1,0.4,0.62
36.28741121292114,-0.65,0.12,0.62,0.9
36.30175018310547,-0.74,0.11,0.78,1.08
36.30254125595093,-0.74,0.07,0.95,1.2
36.31121611595154,-0.69,0.05,1.12,1.31
36.31185722351074,-0.66,0.12,1.27,1.43
36.32776618003845,-0.66,0.19,1.46,1.61
36.32841515541077,-0.69,0.23,1.6,1.75
36.344125270843506,-0.72,0.24,1.68,1.84
36.34505796432495,-0.73,0.21,1.66,1.82
36.399797201156616,-0.82,0.16,1.58,1.78
36.40058708190918,-0.9,0.11,1.48,1.73
36.41536903381348,-0.9,0.04,1.33,1.6
36.41599798202515,-0.85,-0.01,1.13,1.41
36.43029713630676,-0.81,-0.02,0.99,1.27
36.43102312088013,-0.76,-0.01,0.94,1.2
36.446224212646484,-0.69,-0.08,0.95,1.17
36.446943283081055,-0.66,-0.15,0.9,1.12
36.46261405944824,-0.64,-0.17,0.81,1.04
36.46351099014282,-0.6,-0.23,0.73,0.97
36.518906116485596,-0.6,-0.3,0.55,0.86
36.51957702636719,-0.62,-0.32,0.37,0.78
36.53096628189087,-0.57,-0.31,0.27,0.7
36.53160810470581,-0.55,-0.3,0.15,0.64
36.54756307601929,-0.51,-0.24,0.03,0.56
36.54827809333801,-0.48,-0.17,0.0,0.5
36.56276226043701,-0.48,-0.16,-0.09,0.51
36.56346130371094,-0.46,-0.18,-0.18,0.52
36.57921314239502,-0.44,-0.2,-0.32,0.57
36.58000111579895,-0.44,-0.2,-0.49,0.68
36.63553810119629,-0.42,-0.16,-0.59,0.74
36.636277198791504,-0.39,-0.16,-0.78,0.88
36.6497802734375,-0.3,-0.17,-1.02,1.07
36.650416135787964,-0.2,-0.17,-1.17,1.19
36.66408824920654,-0.18,-0.16,-1.28,1.3
36.66472816467285,-0.18,-0.13,-1.33,1.34
36.679927110672,-0.24,-0.1,-1.28,1.3
36.68064212799072,-0.26,-0.16,-1.16,1.19
36.69612407684326,-0.19,-0.26,-1.15,1.19
36.696937084198,-0.17,-0.33,-1.19,1.24
36.7528920173645,-0.18,-0.37,-1.12,1.19
36.75369119644165,-0.27,-0.4,-1.09,1.19
36.76663303375244,-0.34,-0.41,-1.05,1.17
36.76725721359253,-0.4,-0.41,-1.01,1.16
36.780824184417725,-0.41,-0.49,-1.02,1.2
36.78157329559326,-0.36,-0.57,-0.92,1.14
36.79648399353027,-0.26,-0.55,-0.83,1.02
36.797221183776855,-0.19,-0.48,-0.74,0.9
36.812801122665405,-0.14,-0.4,-0.57,0.71
36.813698291778564,-0.09,-0.31,-0.48,0.57
36.870129108428955,-0.04,-0.2,-0.36,0.41
36.87091302871704,0.01,-0.1,-0.2,0.22
36.8832151889801,0.1,-0.02,-0.01,0.1
36.8838951587677,0.19,0.08,0.21,0.29
36.89776110649109,0.3,0.16,0.42,0.54
36.8984591960907,0.39,0.2,0.65,0.78
36.91329526901245,0.42,0.24,0.81,0.94
36.91402316093445,0.39,0.25,0.96,1.06
36.929312229156494,0.29,0.24,1.01,1.07
36.93012619018555,0.16,0.3,1.01,1.06
36.98556423187256,0.06,0.33,0.98,1.03
36.98622512817383,0.07,0.32,0.98,1.03
36.99968910217285,0.13,0.31,1.01,1.06
37.00027799606323,0.25,0.34,1.02,1.1
37.01391816139221,0.36,0.41,1.04,1.17
37.01462912559509,0.4,0.48,1.12,1.28
37.02961301803589,0.4,0.52,1.19,1.35
37.030264139175415,0.38,0.49,1.17,1.32
37.045907974243164,0.38,0.41,1.08,1.21
37.046701192855835,0.4,0.32,0.98,1.1
37.10294818878174,0.46,0.29,0.82,0.98
37.10373306274414,0.47,0.29,0.61,0.82
37.11652612686157,0.46,0.3,0.41,0.68
37.117189168930054,0.48,0.32,0.25,0.62
37.13088512420654,0.52,0.32,0.04,0.61
37.13156604766846,0.57,0.29,-0.22,0.67
37.14633917808533,0.63,0.23,-0.42,0.79
37.1470422744751,0.73,0.18,-0.52,0.91
37.162700176239014,0.82,0.18,-0.62,1.04
37.16351008415222,0.89,0.25,-0.7,1.15
37.218510150909424,0.92,0.3,-0.61,1.14
37.21931600570679,0.88,0.28,-0.56,1.08
37.23330307006836,0.85,0.31,-0.51,1.03
37.2339231967926,0.82,0.3,-0.44,0.97
37.24785900115967,0.77,0.19,-0.39,0.88
37.248584270477295,0.67,0.14,-0.34,0.76
37.26318597793579,0.54,0.15,-0.26,0.61
37.26391315460205,0.44,0.11,-0.18,0.48
37.2795729637146,0.43,0.05,-0.17,0.46
37.28045606613159,0.52,-0.01,-0.26,0.58
37.29610729217529,0.58,-0.04,-0.39,0.7
37.35432720184326,0.6,-0.01,-0.45,0.75
37.35517120361328,0.58,0.03,-0.47,0.74
37.36633014678955,0.58,0.05,-0.52,0.78
37.36695098876953,0.6,0.07,-0.62,0.86
37.380951166152954,0.54,0.1,-0.63,0.83
37.3816921710968,0.48,0.11,-0.54,0.73
37.39637231826782,0.49,0.12,-0.47,0.68
37.3971061706543,0.56,0.14,-0.44,0.72
37.41289806365967,0.6,0.19,-0.45,0.77
37.41375708580017,0.63,0.26,-0.28,0.73
37.4674551486969,0.65,0.36,-0.09,0.74
37.46821928024292,0.7,0.44,-0.03,0.82
37.48316526412964,0.79,0.45,0.04,0.91
37.483795166015625,0.83,0.43,0.07,0.93
37.49750018119812,0.8,0.45,0.13,0.92
37.49819016456604,0.72,0.45,0.25,0.88
37.5131311416626,0.62,0.42,0.41,0.85
37.51383399963379,0.55,0.38,0.55,0.86
37.529226303100586,0.48,0.36,0.61,0.85
37.530105113983154,0.4,0.38,0.68,0.87
37.5850772857666,0.31,0.38,0.82,0.95
37.58582925796509,0.2,0.4,0.95,1.05
37.59964323043823,0.16,0.44,1.01,1.11
37.60031223297119,0.12,0.49,1.06,1.17
37.61453914642334,0.08,0.5,1.13,1.23
37.61521530151367,0.08,0.48,1.15,1.24
37.62983226776123,0.05,0.49,1.17,1.26
37.630518198013306,0.04,0.52,1.2,1.3
37.64624810218811,0.03,0.57,1.12,1.25
37.64712905883789,0.09,0.6,1.08,1.23
37.702595233917236,0.18,0.64,1.04,1.23
37.703264236450195,0.28,0.69,0.88,1.15
37.7164990901947,0.38,0.72,0.73,1.09
37.71716499328613,0.48,0.73,0.55,1.03
37.73080110549927,0.59,0.69,0.31,0.95
37.731492042541504,0.65,0.61,0.04,0.89
37.74643111228943,0.62,0.57,-0.26,0.88
37.74713706970215,0.52,0.49,-0.42,0.82
37.76267409324646,0.4,0.38,-0.48,0.73
37.76355028152466,0.3,0.26,-0.61,0.72
37.81731700897217,0.27,0.2,-0.71,0.78
37.81815719604492,0.23,0.1,-0.78,0.81
37.833152294158936,0.16,0.01,-0.79,0.8
37.833800315856934,0.18,-0.02,-0.78,0.8
37.84783697128296,0.3,-0.1,-0.82,0.87
37.848544120788574,0.41,-0.15,-0.9,1.0
37.86305117607117,0.45,-0.17,-0.91,1.02
37.86373424530029,0.47,-0.17,-0.9,1.02
37.879536151885986,0.44,-0.18,-1.03,1.13
37.88039517402649,0.41,-0.19,-1.07,1.16
37.93704605102539,0.38,-0.21,-1.08,1.16
37.93767809867859,0.35,-0.18,-1.14,1.2
37.94994115829468,0.34,-0.12,-1.02,1.08
37.950597286224365,0.31,-0.04,-0.87,0.92
37.96407127380371,0.32,0.03,-0.61,0.68
37.964781284332275,0.42,0.1,-0.41,0.59
37.97785997390747,0.53,0.14,-0.25,0.6
37.97857213020325,0.59,0.2,-0.04,0.62
37.996113300323486,0.65,0.28,0.13,0.71
37.99699306488037,0.72,0.35,0.27,0.84
